date,1. open,2. high,3. low,4. close,5. adjusted close,6. volume,7. dividend amount
2023-12-14,99.8000,102.1350,97.4800,101.5800,101.5800,94417311,0.0000
2023-12-08,102.1300,103.3600,98.0900,99.5500,99.5500,126957363,0.0000
2023-12-01,104.1000,104.9100,101.6400,102.9900,102.9900,112545085,0.0000
2023-11-24,105.3800,105.8800,101.9400,104.5700,104.5700,60007008,0.0000
2023-11-17,104.0500,105.4300,101.1500,104.9600,104.9600,99167355,0.9500
2023-11-10,108.1700,108.2700,102.8550,103.7500,102.8135,94765699,0.0000
2023-11-03,105.7400,109.1900,104.5400,107.7800,106.8071,126318172,0.0000
2023-10-27,110.6300,110.9600,104.9600,105.5500,104.5972,98878679,0.0000
2023-10-20,110.5000,113.9650,109.1300,111.0800,110.0773,105025459,0.0000
2023-10-13,110.4400,112.0700,104.8300,109.8700,108.8782,155674148,0.0000
2023-10-06,117.5300,117.7900,105.1100,107.1700,106.2026,92810530,0.0000
2023-09-29,115.0900,120.7000,114.8300,117.5800,116.5186,82719282,0.0000
2023-09-22,117.5300,118.8400,114.6000,114.9400,113.9024,66108089,0.0000
2023-09-15,116.1800,118.6600,113.5650,116.7000,115.6466,97781217,0.0000
2023-09-08,114.1000,116.0500,113.2300,115.6100,114.5664,59164579,0.0000
2023-09-01,108.4500,113.8200,108.4200,113.5200,112.4953,64292508,0.0000
2023-08-25,110.3600,110.9793,105.7200,108.2500,107.2728,57446557,0.0000
2023-08-18,111.6800,111.9800,106.2750,110.0400,109.0467,74511579,0.9100
2023-08-11,107.9000,112.0700,104.8350,111.8300,109.8959,76280215,0.0000
2023-08-04,105.1900,109.2400,104.5700,107.4200,105.5622,82465784,0.0000
2023-07-28,104.3600,106.9900,102.3200,104.1600,102.3586,79616126,0.0000
2023-07-21,100.7200,104.3800,100.2200,103.8900,102.0932,91091874,0.0000
2023-07-14,102.9700,107.6500,100.5300,100.9400,99.1942,95705689,0.0000
2023-07-07,107.4900,108.4600,101.5600,103.1600,101.3759,59782238,0.0000
2023-06-30,102.2000,107.8750,102.2000,107.2500,105.3951,65504055,0.0000
2023-06-23,104.6800,104.7700,101.6200,102.4000,100.6290,61197526,0.0000
2023-06-16,105.8100,108.3400,104.3900,105.1300,103.3118,103629609,0.0000
2023-06-09,107.1900,109.1400,103.9800,107.3900,105.5327,64635304,0.0000
2023-06-02,103.2900,106.1300,101.2600,105.7600,103.9309,63942864,0.0000
2023-05-26,105.8400,108.5100,104.7100,104.9700,103.1546,70303522,0.0000
2023-05-19,105.5100,107.0500,102.0200,106.2600,104.4222,67945757,0.9100
2023-05-12,110.5000,110.9700,104.7750,105.7800,103.0580,67222465,0.0000
2023-05-05,115.9900,117.3000,105.9100,108.6800,105.8833,90036779,0.0000
2023-04-28,115.9200,119.9200,114.6800,118.3400,115.2948,83913321,0.0000
2023-04-21,115.4900,117.2100,113.2298,116.0100,113.0247,72711500,0.0000
2023-04-14,114.7800,116.6600,114.1300,116.0500,113.0637,59614515,0.0000
2023-04-06,113.3900,117.1800,113.1200,115.0500,112.0894,76710596,0.0000
2023-03-31,104.7400,110.1700,103.9100,109.6600,106.8381,66068752,0.0000
2023-03-24,99.6300,107.2800,99.5000,103.5300,100.8659,106378759,0.0000
2023-03-17,105.3400,109.0100,98.0200,99.8400,97.2708,135418521,0.0000
2023-03-10,111.9900,113.8400,107.1500,107.7800,105.0065,68139427,0.0000
2023-03-03,110.8000,113.3700,109.2200,112.8100,109.9071,66367236,0.0000
2023-02-24,110.8100,112.3800,108.6400,110.7500,107.9001,54083710,0.0000
2023-02-17,117.7200,118.1800,110.9799,111.2800,108.4164,72407528,0.9100
2023-02-10,112.3600,119.6300,110.3200,119.1700,115.2134,90686124,0.0000
2023-02-03,115.0900,117.3800,109.8300,111.9200,108.2041,110787507,0.0000
2023-01-27,113.6400,117.7800,104.8700,115.6100,111.7716,78281034,0.0000
2023-01-20,113.4100,114.1200,109.5800,113.3500,109.5866,62385526,0.0000
2023-01-13,111.6400,113.7400,107.8100,113.1500,109.3933,77148231,0.0000
2023-01-06,109.7800,111.9900,104.7600,110.5300,106.8602,65499254,0.0000
2022-12-30,109.2700,110.5000,107.9020,110.3000,106.6379,44997801,0.0000
2022-12-23,105.2600,108.7400,104.1000,108.6800,105.0717,66611437,0.0000
2022-12-16,103.8300,108.5400,103.1301,104.7000,101.2238,132280363,0.0000
2022-12-09,110.7000,111.3600,102.3700,103.5400,100.1023,102973408,0.0000
2022-12-02,110.6600,112.0700,109.2000,109.8600,106.2125,90275603,0.0000
2022-11-25,109.9900,114.6100,107.4800,113.2100,109.4513,57374764,0.0000
2022-11-18,112.6300,114.6400,109.6100,112.0800,108.3588,81673779,0.9100
2022-11-11,112.4100,114.6642,107.5701,113.9500,109.2895,90857413,0.0000
2022-11-04,109.5000,113.5000,108.3100,112.3100,107.7165,103921893,0.0000
2022-10-28,105.6600,111.2100,105.0700,110.7000,106.1724,96517922,0.0000
2022-10-21,101.0700,106.4000,99.2300,105.8600,101.5303,89733544,0.0000
2022-10-14,101.4900,102.4500,96.7500,99.1900,95.1331,84474752,0.0000
2022-10-07,90.0400,103.3150,89.7200,101.0300,96.8979,134505105,0.0000
2022-09-30,84.9000,89.3582,83.8900,87.3100,83.7390,98147539,0.0000
2022-09-23,91.0100,93.8800,84.8500,85.7500,82.2428,90692418,0.0000
2022-09-16,97.6500,99.1900,92.0000,93.2100,89.3977,115970725,0.0000
2022-09-09,96.1600,97.0000,92.3000,96.5000,92.5532,71154741,0.0000
2022-09-02,98.1800,101.5550,92.2901,95.5900,91.6804,93057366,0.0000
2022-08-26,93.4200,99.9100,91.8600,97.8700,93.8671,87672070,0.0000
2022-08-19,90.5300,95.3100,89.6600,94.0800,90.2321,82370410,0.0000
2022-08-12,88.6100,94.3000,88.2200,94.0000,90.1554,85708652,0.8800
2022-08-05,94.7900,95.3500,86.2800,88.4500,84.0388,110325969,0.0000
2022-07-29,88.1600,97.5150,87.4200,96.9300,92.0959,100903438,0.0000
2022-07-22,86.5800,89.6500,85.2100,87.0800,82.7371,91084268,0.0000
2022-07-15,85.1700,86.3126,80.6900,84.5400,80.3238,100136744,0.0000
2022-07-08,86.3400,87.3000,81.0100,86.0800,81.7870,109468233,0.0000
2022-07-01,87.8100,93.2400,84.6700,87.5500,83.1837,150278544,0.0000
2022-06-24,88.5800,92.5300,83.5200,86.9000,82.5661,128117285,0.0000
2022-06-17,97.5200,98.6700,85.6550,86.1200,81.8250,194612793,0.0000
2022-06-10,99.1800,105.5700,98.6700,100.4600,95.4499,147698121,0.0000
2022-06-03,98.5600,99.7750,95.7050,99.0900,94.1482,110830762,0.0000
2022-05-27,92.6600,97.9300,92.3200,97.5900,92.7230,131384131,0.0000
2022-05-20,88.9800,93.5900,88.9700,91.8600,87.2788,127855523,0.0000
2022-05-13,89.4400,89.5600,83.4000,88.8600,84.4284,168645427,0.8800
2022-05-06,85.0100,92.0500,84.6300,91.6900,86.2379,186962641,0.0000
2022-04-29,82.3700,88.1400,79.2900,85.2500,80.1808,167666002,0.0000
2022-04-22,88.5000,89.8000,85.0000,85.1300,80.0679,112509708,0.0000
2022-04-14,85.7800,88.4600,83.5000,87.8300,82.6074,88117544,0.0000
2022-04-08,83.5600,87.2100,82.0500,86.8400,81.6763,118334289,0.0000
2022-04-01,83.1700,84.4000,79.7600,83.1200,78.1775,117200176,0.0000
2022-03-25,80.1200,85.4900,79.7400,85.2000,80.1338,125120555,0.0000
2022-03-18,83.0600,83.4500,76.2500,78.6700,73.9921,197790538,0.0000
2022-03-11,84.9200,91.5050,81.6000,84.9200,79.8704,272704432,0.0000
2022-03-04,76.5100,84.2750,76.2000,84.0900,79.0898,189569486,0.0000
2022-02-25,79.6700,79.7900,74.0300,77.8400,73.2114,135680493,0.0000
2022-02-18,79.5800,79.8400,76.4200,77.3600,72.7600,128609632,0.0000
2022-02-11,81.1400,83.0800,77.7920,80.2100,75.4405,179941349,0.8800
2022-02-04,74.9700,82.5300,74.2650,81.4100,75.7256,188144824,0.0000
2022-01-28,70.8800,76.0100,69.8050,75.2800,70.0236,175877280,0.0000
2022-01-21,72.8200,74.3700,71.0400,72.1700,67.1308,119802797,0.0000
2022-01-14,68.9700,72.1450,67.9500,71.8700,66.8517,121769483,0.0000
2022-01-07,61.2400,69.1800,61.2100,68.8800,64.0705,151561423,0.0000
2021-12-31,60.9300,62.3100,60.4200,61.1900,56.9175,64057560,0.0000
2021-12-23,58.7900,61.8400,57.9600,61.0200,56.7593,69219825,0.0000
2021-12-17,62.4700,62.7200,59.6900,60.0300,55.8385,125949443,0.0000
2021-12-10,61.7200,63.3500,61.4199,63.0100,58.6104,92078023,0.0000
2021-12-03,62.5700,63.1400,59.1400,60.8900,56.6384,135827098,0.0000
2021-11-26,60.3200,63.8450,59.5400,61.2500,56.9733,84033925,0.0000
2021-11-19,63.7600,65.3700,60.4100,60.6700,56.4338,100358510,0.0000
2021-11-12,65.5500,66.3800,63.5800,63.8200,59.3638,87793442,0.8800
2021-11-05,65.0650,66.0795,63.6600,65.0200,59.6621,89402961,0.0000
2021-10-29,63.7200,65.9400,63.5800,64.4700,59.1574,105882056,0.0000
2021-10-22,63.0900,63.8725,62.2700,63.1200,57.9187,82352589,0.0000
2021-10-15,63.0300,63.0700,60.2100,62.5900,57.4323,91998866,0.0000
2021-10-08,61.3200,62.6950,59.7500,62.1800,57.0561,130573648,0.0000
2021-10-01,58.8500,60.9900,58.8100,60.9300,55.9091,149711280,0.0000
2021-09-24,53.7800,57.8200,52.9600,57.5900,52.8444,118340455,0.0000
2021-09-17,54.6500,56.7500,54.4100,55.1600,50.6146,113175078,0.0000
2021-09-10,54.6700,55.2700,53.3000,53.9800,49.5318,67347607,0.0000
2021-09-03,56.2400,56.3400,53.6000,54.8700,50.3485,99984438,0.0000
2021-08-27,53.9500,56.2139,53.9500,55.7700,51.1743,80483564,0.0000
2021-08-20,56.0200,56.2967,52.1000,52.7400,48.3940,102945006,0.0000
2021-08-13,57.1300,58.5000,56.3000,56.7700,52.0919,91605078,0.8700
2021-08-06,57.5500,59.0600,56.8100,57.8600,52.2987,90018946,0.0000
2021-07-30,57.1600,59.3300,57.0000,57.5700,52.0366,99225298,0.0000
2021-07-23,55.6400,58.3000,54.5950,57.0400,51.5576,113215909,0.0000
2021-07-16,60.4200,61.7300,57.1500,57.3200,51.8106,103430966,0.0000
2021-07-09,62.7500,62.7600,59.3100,61.2300,55.3448,82804107,0.0000
2021-07-02,64.5600,64.5600,62.4210,63.1700,57.0984,95124589,0.0000
2021-06-25,60.9300,64.9250,60.9000,64.6600,58.4452,116994112,0.0000
2021-06-18,62.3000,64.8000,60.2400,60.4000,54.5946,140552546,0.0000
2021-06-11,61.3300,63.9750,60.6700,62.1700,56.1945,118684793,0.0000
2021-06-04,59.4500,61.7000,59.4500,61.4500,55.5437,92153074,0.0000
2021-05-28,59.0800,59.8000,57.9000,58.3700,52.7597,118521104,0.0000
2021-05-21,60.5400,62.3000,58.2400,58.9200,53.2569,120828294,0.0000
2021-05-14,63.2400,64.0200,58.7500,60.7700,54.9290,145950441,0.8700
2021-05-07,57.9800,62.4700,57.7400,62.4300,55.6235,136005357,0.0000
2021-04-30,55.4700,59.4800,55.4400,57.2400,50.9993,117928885,0.0000
2021-04-23,56.7500,57.1400,54.3000,55.5700,49.5114,96472510,0.0000
2021-04-16,56.7550,58.0100,55.0900,56.6600,50.4826,113662803,0.0000
2021-04-09,57.3000,57.5399,55.3200,55.8700,49.7787,106596111,0.0000
2021-04-01,57.3400,57.8200,55.8000,57.3900,51.1330,88328754,0.0000
2021-03-26,56.5000,57.7800,54.4500,57.7100,51.4181,158312542,0.0000
2021-03-19,61.4900,61.8550,55.8101,56.4900,50.3311,210526027,0.0000
2021-03-12,61.5800,62.5500,59.4700,61.9700,55.2136,150604910,0.0000
2021-03-05,56.4700,61.0500,55.8800,60.9300,54.2870,206227193,0.0000
2021-02-26,52.5900,57.2450,52.5900,54.3700,48.4422,161732328,0.0000
2021-02-19,51.9600,53.2695,51.6200,52.3700,46.6603,96738582,0.0000
2021-02-12,50.9200,52.3600,48.7800,50.5200,45.0120,137875993,0.8700
2021-02-05,45.5800,50.1200,44.2900,49.9500,43.7523,144879821,0.0000
2021-01-29,46.9000,47.8600,44.5100,44.8400,39.2764,146711295,0.0000
2021-01-22,48.4500,49.7400,46.6400,47.4300,41.5450,99598427,0.0000
2021-01-15,45.0400,51.0800,44.7500,47.8900,41.9479,181754419,0.0000
2021-01-08,41.4500,45.8200,41.0000,45.4600,39.8194,166440965,0.0000
2020-12-31,41.6900,42.5500,40.9700,41.2200,36.1055,90595658,0.0000
2020-12-24,41.1100,42.3900,40.5300,41.6000,36.4384,76806378,0.0000
2020-12-18,44.3400,44.4600,42.0600,42.7300,37.4282,159909177,0.0000
2020-12-11,41.4200,44.4690,40.4400,43.8000,38.3654,158835563,0.0000
2020-12-04,39.8000,41.7600,37.9700,41.6800,36.5084,164978659,0.0000
2020-11-27,37.5000,42.0800,37.2800,40.1900,35.2033,119060059,0.0000
2020-11-20,37.5900,39.1250,36.5600,36.9400,32.3566,141499844,0.0000
2020-11-13,36.4200,38.0100,34.8700,36.0800,31.6033,220274730,0.8700
2020-11-06,33.1400,34.4900,32.5300,32.7800,28.0507,177123045,0.0000
2020-10-30,33.6100,33.7700,31.1100,32.6200,27.9137,186646554,0.0000
2020-10-23,34.1000,35.0800,33.0200,34.1600,29.2316,134566332,0.0000
2020-10-16,34.5400,34.8700,33.2650,34.1000,29.1802,102552919,0.0000
2020-10-09,33.3200,35.9500,33.1700,34.7400,29.7279,137118514,0.0000
2020-10-02,35.1400,35.9000,32.2100,32.9800,28.2218,135993628,0.0000
2020-09-25,36.4300,36.8400,33.7600,34.6400,29.6423,144188456,0.0000
2020-09-18,36.9100,38.1500,36.2100,37.1900,31.8244,152319988,0.0000
2020-09-11,38.2500,38.8400,36.4900,36.9000,31.5762,125602386,0.0000
2020-09-04,40.6400,40.7200,38.6500,39.0800,33.4417,127600841,0.0000
2020-08-28,41.2800,42.5078,39.3050,40.6900,34.8194,141800837,0.0000
2020-08-21,43.1700,43.1900,40.7100,41.0100,35.0933,84121362,0.0000
2020-08-14,43.9900,46.4200,42.4100,43.2000,36.9673,106798474,0.8700
2020-08-07,42.0500,44.3100,41.4700,43.4400,36.4534,91403213,0.0000
2020-07-31,43.2300,44.2500,40.9100,42.0800,35.3121,113905642,0.0000
2020-07-24,43.2100,45.1900,42.4800,43.4300,36.4450,103054794,0.0000
2020-07-17,42.9800,45.0900,42.2300,43.5200,36.5205,91353192,0.0000
2020-07-10,44.6700,45.0800,41.1000,42.6500,35.7904,103226249,0.0000
2020-07-02,43.8100,45.3800,43.1600,44.0800,36.9904,74671241,0.0000
2020-06-26,45.6900,47.2200,43.5000,43.6200,36.6044,114875757,0.0000
2020-06-19,45.3500,49.7500,44.7500,45.9800,38.5849,143669170,0.0000
2020-06-12,54.7200,55.3600,45.9100,47.1700,39.5835,161970450,0.0000
2020-06-05,45.3200,53.4500,44.8000,53.0800,44.5429,124758298,0.0000
2020-05-29,45.7400,47.1400,44.3700,45.4700,38.1569,86685821,0.0000
2020-05-22,44.4000,46.6300,43.4500,44.6000,37.4268,107627418,0.0000
2020-05-15,46.1100,46.2000,40.2000,42.0000,35.2450,125651040,0.8700
2020-05-08,42.5100,47.1500,42.2200,46.1800,38.0033,121458825,0.0000
2020-05-01,43.5900,47.6800,42.2300,43.1400,35.5016,156747505,0.0000
2020-04-24,40.7500,44.8900,39.6300,43.7300,35.9871,174547723,0.0000
2020-04-17,44.4500,44.6900,38.9300,43.2200,35.5674,164985113,0.0000
2020-04-09,39.8800,46.7100,39.2300,43.1300,35.4933,183509192,0.0000
2020-04-03,36.2300,42.1800,35.8600,39.2100,32.2674,233611560,0.0000
2020-03-27,32.5300,39.5600,30.1100,36.9500,30.4076,273470362,0.0000
2020-03-20,34.4000,37.8800,31.2300,32.7400,26.9430,269485426,0.0000
2020-03-13,41.7100,46.2600,35.0000,38.1200,31.3704,330010575,0.0000
2020-03-06,52.5900,54.1500,47.2000,47.6900,39.2459,209136707,0.0000
2020-02-28,57.6200,57.8000,48.0100,51.4400,42.3320,208810222,0.0000
2020-02-21,60.1500,60.6200,58.7900,59.1300,48.6604,66759439,0.0000
2020-02-14,60.4800,61.5300,59.6200,60.6500,49.9112,81468467,0.8700
2020-02-07,61.3800,63.0100,59.8900,61.4700,49.8625,122541085,0.0000
2020-01-31,65.4200,65.7300,61.8600,62.1200,50.3898,107877154,0.0000
2020-01-24,68.3800,68.4200,66.0400,66.3200,53.7967,72843124,0.0000
2020-01-17,69.2000,69.8700,68.2900,68.5600,55.6137,69083890,0.0000
2020-01-10,70.3200,71.3600,68.6300,69.1400,56.0842,79417321,0.0000
2020-01-03,70.0900,71.3700,69.0100,70.3300,57.0495,55682094,0.0000
2019-12-27,69.8600,70.5000,69.5300,69.8900,56.6926,37507758,0.0000
2019-12-20,69.7000,70.3800,69.2400,69.9400,56.7331,91676030,0.0000
2019-12-13,69.0800,70.5400,68.6700,69.2300,56.1572,68512056,0.0000
2019-12-06,68.5000,69.8700,67.5200,69.5100,56.3843,61838387,0.0000
2019-11-29,69.3700,69.4400,68.0000,68.1300,55.2649,42501366,0.0000
2019-11-22,68.7000,70.1800,67.3200,69.3700,56.2708,65846306,0.0000
2019-11-15,70.2100,70.6100,68.1800,69.1900,56.1248,57164628,0.0000
2019-11-08,70.0700,73.1200,69.9400,70.7700,57.4064,69938464,0.8700
2019-11-01,69.4600,69.6700,67.1400,69.6000,55.7717,68194498,0.0000
2019-10-25,67.8200,70.0500,67.8200,69.2500,55.4913,45361566,0.0000
2019-10-18,68.6000,70.0000,67.6100,67.6100,54.1771,46727320,0.0000
2019-10-11,68.7000,69.4900,66.6400,68.9800,55.2749,49153754,0.0000
2019-10-04,71.2400,71.4500,66.3100,68.9700,55.2669,59481462,0.0000
2019-09-27,71.5200,72.3600,70.6300,71.4800,57.2782,46828363,0.0000
2019-09-20,75.0400,75.1800,71.8600,72.0800,57.7590,70007961,0.0000
2019-09-13,71.1600,72.8500,70.7000,72.6400,58.2077,53181858,0.0000
2019-09-06,67.8900,70.9500,67.6300,70.9300,56.8375,37128079,0.0000
2019-08-30,68.1200,69.0800,66.9700,68.4800,54.8743,44671070,0.0000
2019-08-23,68.9700,69.9800,67.0300,67.4900,54.0809,54258513,0.0000
2019-08-16,70.0600,70.6200,66.5300,68.3000,54.7300,66086207,0.8700
2019-08-09,70.7800,72.4100,69.4000,70.8400,56.0649,74585002,0.0000
2019-08-02,74.8800,75.6600,71.1800,71.7500,56.7851,65667235,0.0000
2019-07-26,75.2400,76.0500,74.5000,74.8100,59.2068,41942932,0.0000
2019-07-19,77.6300,77.7400,74.1800,74.9900,59.3493,47402001,0.0000
2019-07-12,76.1400,77.8800,75.7300,77.6300,61.4387,36359985,0.0000
2019-07-05,77.1300,77.9300,75.4100,76.1300,60.2515,34056399,0.0000
2019-06-28,77.5300,77.7600,75.7600,76.6300,60.6472,54046783,0.0000
2019-06-21,74.1600,77.7600,74.0400,77.6900,61.4861,68542433,0.0000
2019-06-14,75.1900,75.8100,73.8100,74.3500,58.8428,42658888,0.0000
2019-06-07,71.0900,74.9600,70.9700,74.5800,59.0248,53706489,0.0000
2019-05-31,74.2400,74.2500,70.6300,70.7700,56.0095,51903558,0.0000
2019-05-24,76.0500,76.4600,73.0400,74.1000,58.6449,45216831,0.0000
2019-05-17,75.6500,76.9500,75.2100,75.9100,60.0774,49027739,0.0000
2019-05-10,76.9200,77.6600,75.1700,76.5600,60.5918,62496411,0.8700
2019-05-03,80.1200,80.5300,77.2400,77.4700,60.6231,65196061,0.0000
2019-04-26,81.8700,83.4900,79.5600,80.4900,62.9864,62238190,0.0000
2019-04-18,80.8900,81.8300,80.5200,81.1300,63.4872,33347098,0.0000
2019-04-12,82.6700,83.2000,80.5800,80.9200,63.3229,53748295,0.0000
2019-04-05,81.2300,82.5300,80.6100,82.4900,64.5515,46445353,0.0000
2019-03-29,80.0000,81.4800,79.5900,80.8000,63.2290,46353797,0.0000
2019-03-22,80.4400,82.0000,80.3000,80.4800,62.9786,59525451,0.0000
2019-03-15,79.9800,80.9100,79.6500,80.1500,62.7203,67934657,0.0000
2019-03-08,80.2400,80.5500,77.8600,79.0100,61.8282,83222209,0.0000
2019-03-01,78.4300,80.0000,78.2000,80.0000,62.6030,62680475,0.0000
2019-02-22,77.5600,78.9500,77.4500,78.4200,61.3665,45969888,0.0000
2019-02-15,73.8800,77.7600,73.4000,77.7100,60.8109,63352221,0.0000
2019-02-08,75.7600,75.7700,72.7300,73.9800,57.8921,65516072,0.8200
2019-02-01,71.0200,76.4900,70.3700,75.9200,58.7589,78561806,0.0000
2019-01-25,72.3900,72.7100,70.6400,71.7200,55.5083,48493861,0.0000
2019-01-18,71.2100,73.2900,70.9000,72.9900,56.4912,59807219,0.0000
2019-01-11,71.2500,72.6000,70.7400,71.7200,55.5083,58697895,0.0000
2019-01-04,68.3200,71.2700,67.2600,71.1500,55.0671,62444010,0.0000
2018-12-28,66.8700,69.5800,64.6500,68.1700,52.7607,80938210,0.0000
2018-12-21,75.2600,75.6000,67.6700,68.1200,52.7220,131835873,0.0000
2018-12-14,77.8600,78.2000,74.8000,75.5800,58.4958,74667465,0.0000
2018-12-07,80.2400,81.9500,76.9200,77.6400,60.0901,77398287,0.0000
2018-11-30,76.2400,79.6000,76.1200,79.5000,61.5297,59863199,0.0000
2018-11-23,78.4600,79.3600,74.7000,75.4900,58.4261,45525693,0.0000
2018-11-16,81.6600,81.7300,75.9100,78.9600,61.1117,78669819,0.0000
2018-11-09,82.5000,83.7500,79.6900,80.8700,62.5900,69513662,0.8200
2018-11-02,78.0700,82.4500,76.2200,81.9500,62.7892,83603946,0.0000
2018-10-26,82.0000,82.1800,76.9600,77.5300,59.4027,71500939,0.0000
2018-10-19,81.3800,82.4700,80.0100,81.9700,62.8045,62135536,0.0000
2018-10-12,84.7900,86.8800,80.2700,81.3800,62.3525,75530030,0.0000
2018-10-05,85.3500,86.8900,84.9300,85.3400,65.3866,46650049,0.0000
2018-09-28,85.7900,87.3600,84.9900,85.0200,65.1414,53806013,0.0000
2018-09-21,83.0000,85.4300,82.9900,85.1700,65.2563,65874414,0.0000
2018-09-14,82.2400,83.7800,81.6300,82.9200,63.5324,54870905,0.0000
2018-09-07,80.4100,81.9300,79.6000,81.8300,62.6973,52471873,0.0000
2018-08-31,79.9100,81.0400,79.7700,80.1700,61.4254,41650885,0.0000
2018-08-24,78.2600,80.0500,78.1700,79.6200,61.0040,41191677,0.0000
2018-08-17,79.4500,79.7500,76.5100,78.2600,59.9620,56321170,0.0000
2018-08-10,80.2500,81.5900,78.8600,79.4200,60.8508,50798152,0.8200
2018-08-03,82.1300,82.1500,79.4500,80.2000,60.8204,48111917,0.0000
2018-07-27,81.9500,84.4000,80.8100,81.9200,62.1248,60711257,0.0000
2018-07-20,82.5200,82.7900,81.2500,81.4000,61.7305,42260843,0.0000
2018-07-13,82.8100,84.1200,82.0300,83.3100,63.1789,44854088,0.0000
2018-07-06,81.8900,83.4500,81.3200,82.3300,62.4357,33868565,0.0000
2018-06-29,80.7800,83.5400,79.3000,82.7300,62.7391,60378156,0.0000
2018-06-22,80.4000,81.9400,79.3300,81.3800,61.7153,54568010,0.0000
2018-06-15,83.7200,83.7900,80.5100,80.6600,61.1693,70507372,0.0000
2018-06-08,82.0500,83.6600,80.4100,83.6000,63.3988,62470148,0.0000
2018-06-01,78.1500,82.3500,77.5300,81.8300,62.0565,56981492,0.0000
2018-05-25,81.7300,82.6500,78.0900,78.7100,59.6905,62639130,0.0000
2018-05-18,81.7000,82.3200,81.1700,81.3000,61.6546,55272846,0.0000
2018-05-11,77.7400,81.9700,76.3700,81.2800,61.6394,82105440,0.8200
2018-05-04,77.9100,78.5600,75.4000,76.9000,57.7354,67273894,0.0000
2018-04-27,78.9200,80.9000,76.4800,77.7900,58.4036,70598683,0.0000
2018-04-20,78.1200,79.8200,77.7100,79.0000,59.3120,56646837,0.0000
2018-04-13,75.2200,78.1900,74.8000,77.8400,58.4411,68324586,0.0000
2018-04-06,74.2700,76.3200,72.1600,74.8700,56.2113,75511964,0.0000
2018-03-29,73.6500,74.8900,72.7500,74.6100,56.0161,62566739,0.0000
2018-03-23,75.0000,75.6400,72.6700,72.8900,54.7247,75946394,0.0000
2018-03-16,74.8700,75.8200,73.5300,75.1200,56.3990,86630295,0.0000
2018-03-09,75.2300,76.9800,73.5600,74.5600,55.9785,90919848,0.0000
2018-03-02,77.7400,79.8700,74.4800,75.5500,56.7218,78934060,0.0000
2018-02-23,76.4700,77.6200,74.8700,77.5300,58.2084,50185392,0.0000
2018-02-16,77.0500,77.6200,75.1700,76.5400,57.4651,75387706,0.0000
2018-02-09,83.2800,83.9900,73.9000,75.7800,56.8945,142007205,0.7700
2018-02-02,88.5900,89.3000,83.0000,84.5300,62.8255,82752887,0.0000
2018-01-26,87.1700,89.0000,87.0500,89.0000,66.1477,49000021,0.0000
2018-01-19,87.7400,88.2100,86.6000,87.1500,64.7728,42598923,0.0000
2018-01-12,86.7000,87.9900,85.9300,87.5200,65.0478,53207339,0.0000
2018-01-05,83.8200,87.2200,83.6600,86.7500,64.4755,47152870,0.0000
2017-12-29,83.9600,84.3600,83.6400,83.6400,62.1640,27493231,0.0000
2017-12-22,83.0400,84.2700,82.3300,83.9700,62.4093,53381800,0.0000
2017-12-15,82.9500,83.3800,82.4800,83.0300,61.7106,64703822,0.0000
2017-12-08,83.2100,84.1750,82.1700,82.6600,61.4356,55409835,0.0000
2017-12-01,81.3200,84.1300,81.0200,83.4600,62.0302,60206042,0.0000
2017-11-24,80.2300,81.7000,80.0100,81.4200,60.5140,29050528,0.0000
2017-11-17,82.6500,83.0900,80.1450,80.2400,59.6370,45142340,0.0000
2017-11-10,83.3000,84.1400,82.4200,82.9400,61.6437,45092416,0.7700
2017-11-03,83.7100,83.9500,82.9100,83.1800,61.2535,39993640,0.0000
2017-10-27,83.1500,84.2400,82.0100,83.7100,61.6437,48396889,0.0000
2017-10-20,82.7000,83.3910,82.3300,83.1100,61.2019,35568269,0.0000
2017-10-13,81.8400,83.0800,81.7600,82.4100,60.6864,34340095,0.0000
2017-10-06,81.3000,82.2400,81.2450,81.7100,60.1710,32326238,0.0000
2017-09-29,80.0300,82.4500,79.9800,81.9800,60.3698,52566293,0.0000
2017-09-22,79.7900,80.6600,79.6700,79.9200,58.8528,49857716,0.0000
2017-09-15,79.4100,80.2300,78.9000,80.0700,58.9633,52378856,0.0000
2017-09-08,76.6400,79.3299,76.6100,78.8200,58.0428,48501966,0.0000
2017-09-01,76.9000,76.9400,76.0500,76.5700,56.3859,46114625,0.0000
2017-08-25,76.4700,77.3350,76.0800,76.7200,56.4963,41115328,0.0000
2017-08-18,78.6200,78.7900,76.0500,76.6400,56.4374,52675147,0.0000
2017-08-11,80.1700,80.3500,78.2000,78.2100,57.5936,47597410,0.7700
2017-08-04,79.8300,80.8200,79.6000,80.2100,58.4960,51411692,0.0000
2017-07-28,80.0600,81.0500,78.2700,79.6000,58.0511,64653997,0.0000
2017-07-21,81.0000,81.4900,80.0000,80.1200,58.4304,47004817,0.0000
2017-07-14,80.0000,81.5150,79.9600,81.2800,59.2763,36550444,0.0000
2017-07-07,80.7900,82.4900,79.8100,80.2200,58.5033,38019884,0.0000
2017-06-30,81.5700,81.8400,80.4100,80.7300,58.8752,60006861,0.0000
2017-06-23,83.2200,83.4500,80.7600,81.6100,59.5170,52822527,0.0000
2017-06-16,82.6700,83.6900,81.5600,83.4900,60.8880,94408180,0.0000
2017-06-09,79.4400,82.1400,79.4000,82.1300,59.8962,60561237,0.0000
2017-06-02,81.2800,81.3400,79.2600,79.5000,57.9782,52458203,0.0000
2017-05-26,82.1100,82.8850,80.8300,81.5500,59.4732,43783409,0.0000
2017-05-19,83.0000,83.2300,81.4200,81.9300,59.7504,53687884,0.0000
2017-05-12,82.0000,83.0000,81.6500,82.5500,60.2025,43065886,0.7700
2017-05-05,81.5100,83.0699,81.4000,82.0200,59.2589,53455808,0.0000
2017-04-28,81.2800,82.4900,80.8100,81.6500,58.9916,51533258,0.0000
2017-04-21,81.8500,81.9700,80.3000,80.6900,58.2980,50628569,0.0000
2017-04-13,83.1200,83.4700,81.5700,81.6900,59.0205,35645502,0.0000
2017-04-07,82.0200,83.5500,81.3300,82.7600,59.7936,52978760,0.0000
2017-03-31,80.8200,83.8700,80.7910,82.0100,59.2517,94454863,0.0000
2017-03-24,81.7200,82.3500,81.1490,81.2300,58.6882,50312730,0.0000
2017-03-17,81.5000,82.2600,80.4400,82.0000,59.2445,61635272,0.0000
2017-03-10,82.4400,83.2900,80.3100,81.6100,58.9627,65222733,0.0000
2017-03-03,81.1300,84.2500,80.8100,82.4600,59.5768,74254210,0.0000
2017-02-24,82.1200,82.2200,80.7600,81.0800,58.5798,54518796,0.0000
2017-02-17,82.7700,83.4200,81.4400,81.7600,59.0711,58469190,0.0000
2017-02-10,83.5500,83.6500,81.1700,82.5200,59.6202,53983162,0.7500
2017-02-03,85.4200,85.4500,82.5400,83.5400,59.8066,71970111,0.0000
2017-01-27,85.6800,85.8800,84.7500,85.5100,61.2170,52592082,0.0000
2017-01-20,86.5800,87.4100,84.5900,85.8900,61.4890,60186414,0.0000
2017-01-13,88.2200,88.2200,85.8600,86.3500,61.8183,57047397,0.0000
2017-01-06,90.9400,91.3400,87.8200,88.5000,63.3575,50751210,0.0000
2016-12-30,90.8300,91.1100,90.0100,90.2600,64.6175,27508337,0.0000
2016-12-23,91.3800,91.5400,90.0200,90.7100,64.9397,36472838,0.0000
2016-12-16,90.1400,93.2150,89.7600,91.1800,65.2761,82140932,0.0000
2016-12-09,87.3900,89.0000,86.6999,89.0000,63.7155,51269104,0.0000
2016-12-02,86.9500,88.5000,85.0800,87.0400,62.3123,62031338,0.0000
2016-11-25,86.4400,87.2400,85.9700,87.1200,62.3696,29355258,0.0000
2016-11-18,85.3000,87.0600,84.3250,85.2800,61.0523,50294192,0.0000
2016-11-11,84.4900,87.9900,83.6600,85.6700,61.3315,67130471,0.7500
2016-11-04,83.8800,84.4000,82.7600,83.5700,59.3067,63647467,0.0000
2016-10-28,86.7400,87.6600,84.1400,84.7800,60.1654,51816612,0.0000
2016-10-21,86.4800,87.8500,85.6985,86.6200,61.4712,39655535,0.0000
2016-10-14,87.5400,88.6700,85.4300,86.5400,61.4144,45423488,0.0000
2016-10-07,86.9400,87.5000,86.0700,86.7400,61.5563,38456500,0.0000
2016-09-30,83.5200,87.8100,82.2900,87.2800,61.9396,83582544,0.0000
2016-09-23,84.5800,84.6200,82.3100,83.4500,59.2215,63910305,0.0000
2016-09-16,86.7800,87.7100,83.5600,84.0300,59.6331,68846707,0.0000
2016-09-09,87.8400,89.3700,86.8000,86.8400,61.6273,39720834,0.0000
2016-09-02,87.0400,88.2500,86.0900,87.4200,62.0389,41493856,0.0000
2016-08-26,87.3100,88.1600,86.8450,87.2700,61.9325,36139251,0.0000
2016-08-19,88.4200,88.9400,87.3700,87.8000,62.3086,39312341,0.0000
2016-08-12,88.0500,88.8900,86.0100,87.8500,62.3441,54464568,0.7500
2016-08-05,88.0800,88.1500,85.5800,87.5600,61.6036,79526243,0.0000
2016-07-29,93.4700,93.6200,86.1200,88.9500,62.5815,69386579,0.0000
2016-07-22,94.9200,95.1500,93.4600,94.0100,66.1415,38045709,0.0000
2016-07-15,93.7500,95.5500,93.6500,95.1200,66.9225,47288260,0.0000
2016-07-08,93.1200,94.4900,92.2500,93.5400,65.8109,45930829,0.0000
2016-07-01,88.9000,93.9800,88.1100,93.8400,66.0219,65589230,0.0000
2016-06-24,91.2900,92.0700,89.1500,89.3900,62.8911,56202596,0.0000
2016-06-17,89.9200,91.5900,89.1100,90.7200,63.8268,62491930,0.0000
2016-06-10,88.8700,91.3000,88.6900,89.9800,63.3062,50773150,0.0000
2016-06-03,90.0000,90.2000,87.6100,88.3700,62.1735,40375788,0.0000
2016-05-27,89.0000,90.4600,88.8201,90.0100,63.3273,46775230,0.0000
2016-05-20,89.2000,90.4000,88.4500,89.7400,63.1373,55742281,0.0000
2016-05-13,88.6000,90.0000,87.2300,88.6600,62.3775,55756871,0.7500
2016-05-06,88.2400,89.4765,87.3550,88.5100,61.7505,47698394,0.0000
2016-04-29,87.0900,89.7800,86.3520,88.4000,61.6737,57120529,0.0000
2016-04-22,83.8900,87.8400,83.8600,87.5300,61.0668,55923198,0.0000
2016-04-15,83.3300,85.9000,83.2800,84.9700,59.2807,51042197,0.0000
2016-04-08,83.0600,83.9000,81.9900,83.2100,58.0528,45451545,0.0000
2016-04-01,84.0300,85.1000,82.3900,82.9600,57.8784,54406039,0.0000
2016-03-24,83.8400,84.8600,82.9300,83.9800,58.5900,43503575,0.0000
2016-03-18,81.4800,84.6750,81.0150,84.2000,58.7435,67359106,0.0000
2016-03-11,82.3100,84.4600,80.9300,82.1900,57.3412,78048522,0.0000
2016-03-04,81.8800,82.9699,80.0500,82.2900,57.4110,80342969,0.0000
2016-02-26,83.2100,83.4400,79.6700,81.7500,57.0342,67452238,0.0000
2016-02-19,81.7000,83.0600,80.2800,82.5000,57.5575,61405362,0.0000
2016-02-12,79.3000,81.7800,77.5800,81.0300,56.5319,97778284,0.7300
2016-02-05,76.6600,80.1000,73.5500,80.0800,55.3644,114385818,0.0000
2016-01-29,75.7500,77.8500,73.9000,77.8500,53.8227,95206203,0.0000
2016-01-22,77.9300,78.2400,71.5500,76.5700,52.9378,100756698,0.0000
2016-01-15,75.0100,79.9200,72.5600,77.5800,53.6360,131403845,0.0000
2016-01-08,77.5000,78.1400,74.5000,74.6900,51.6380,91511651,0.0000
2015-12-31,78.1200,80.0800,77.4300,77.9500,53.8918,38154681,0.0000
2015-12-24,77.7900,80.2700,76.6450,79.3300,54.8459,49346048,0.0000
2015-12-18,74.3000,79.6100,74.0900,77.2800,53.4286,109708298,0.0000
2015-12-11,77.3300,77.5000,73.7900,74.3400,51.3960,104523899,0.0000
2015-12-04,81.4200,82.6500,77.0335,78.8600,54.5210,82955278,0.0000
2015-11-27,79.6000,82.3500,79.0600,81.2300,56.1595,40058385,0.0000
2015-11-20,77.9400,80.9900,77.9100,79.7900,55.1640,55038538,0.0000
2015-11-13,83.5600,83.5992,77.9400,78.1000,53.9955,70957788,0.7300
2015-11-06,82.3000,87.4350,82.0900,84.4700,57.8839,80403669,0.0000
2015-10-30,82.5200,83.8800,79.7300,82.7400,56.6984,67719589,0.0000
2015-10-23,82.0100,83.0000,80.1100,82.9800,56.8629,64818188,0.0000
2015-10-16,79.5900,82.5000,78.4900,82.4800,56.5202,64687407,0.0000
2015-10-09,76.6500,80.1650,75.7900,79.2600,54.3137,87673506,0.0000
2015-10-02,72.6200,75.9000,72.1400,75.8800,51.9975,79422453,0.0000
2015-09-25,73.1000,73.6100,71.7200,73.2300,50.1816,68641109,0.0000
2015-09-18,72.3100,75.4700,71.7600,72.6800,49.8047,76714905,0.0000
2015-09-11,73.7200,74.6800,71.8000,72.6900,49.8116,55397851,0.0000
2015-09-04,74.2700,75.5500,71.5100,72.4600,49.6539,88944519,0.0000
2015-08-28,67.9900,75.9800,66.5500,75.0700,51.4425,143919982,0.0000
2015-08-21,77.9300,79.1750,72.0700,72.1300,49.4278,79486304,0.0000
2015-08-14,77.0900,79.2850,76.3300,78.3600,53.6970,53408943,0.7300
2015-08-07,78.7000,78.9300,76.6178,76.8300,52.1572,76232922,0.0000
2015-07-31,79.2300,83.3200,78.9300,79.2100,53.7729,86058487,0.0000
2015-07-24,82.1500,82.4700,79.7200,79.9400,54.2684,60190257,0.0000
2015-07-17,82.1100,83.4800,81.7900,82.6100,56.0810,46940932,0.0000
2015-07-10,82.4200,83.2300,81.4900,82.2200,55.8163,57998661,0.0000
2015-07-02,83.0500,84.9000,82.1100,83.1400,56.4408,49436989,0.0000
2015-06-26,85.3900,85.6000,83.4900,83.8600,56.9296,60556173,0.0000
2015-06-19,83.5300,85.9600,83.1900,85.2100,57.8461,54118916,0.0000
2015-06-12,84.1800,85.9700,83.8600,84.0200,57.0382,46603857,0.0000
2015-06-05,85.2500,85.8400,83.7800,84.2800,57.2147,50581014,0.0000
2015-05-29,86.0400,86.3700,84.7700,85.2000,57.8393,44735235,0.0000
2015-05-22,87.3100,87.4600,86.2100,86.5200,58.7354,39403612,0.0000
2015-05-15,88.5300,88.5700,86.4021,87.3500,59.2988,47628295,0.7300
2015-05-08,89.4200,90.0900,86.9200,88.9900,59.9082,54888876,0.0000
2015-05-01,87.4100,88.9500,86.7550,88.8500,59.8140,58884872,0.0000
2015-04-24,87.1300,88.3800,86.3400,86.9700,58.5484,48628992,0.0000
2015-04-17,85.9200,88.5300,85.2400,86.9300,58.5214,64902307,0.0000
2015-04-10,85.1500,86.1700,83.8100,85.5600,57.5991,65636719,0.0000
2015-04-02,84.2700,86.0000,83.8540,84.3000,56.7509,54826018,0.0000
2015-03-27,85.0200,85.7801,83.3300,83.5800,56.2662,65269076,0.0000
2015-03-20,83.7100,86.3700,83.2700,84.5400,56.9125,94059338,0.0000
2015-03-13,86.1200,86.3800,82.6800,83.8700,56.4614,72281151,0.0000
2015-03-06,88.3400,88.5200,85.3200,85.6300,57.6463,69349012,0.0000
2015-02-27,89.2600,89.7800,88.0800,88.5400,59.6053,59757100,0.0000
2015-02-20,92.7500,93.0700,88.5800,89.9200,60.5343,66239999,0.0000
2015-02-13,91.4000,93.4500,89.7900,93.3700,62.8568,63455420,0.0000
2015-02-06,87.8500,92.5400,87.5000,91.5000,61.5980,86973892,0.6900
2015-01-30,90.6100,91.9400,86.0300,87.4200,58.4108,86159091,0.0000
2015-01-23,91.1400,92.9658,90.3800,90.8900,60.7293,59258681,0.0000
2015-01-16,91.2400,91.4300,87.2600,91.1200,60.8830,92551330,0.0000
2015-01-09,92.1000,92.7800,89.0200,92.1000,61.5378,78546523,0.0000
2015-01-02,93.3300,93.8600,91.8100,92.8300,62.0256,40191777,0.0000
2014-12-26,92.9600,95.1800,92.4500,93.2100,62.2795,49029817,0.0000
2014-12-19,87.5300,93.6400,86.1900,93.6400,62.5668,132412540,0.0000
2014-12-12,92.9000,93.1300,86.6000,86.6000,57.8629,99977220,0.0000
2014-12-05,90.3600,95.3300,90.2800,93.8200,62.6871,89636870,0.0000
2014-11-28,96.3400,96.8000,90.1100,90.5400,60.4955,53297598,0.0000
2014-11-21,94.8500,97.2000,94.1300,96.8100,64.6849,47104962,0.0000
2014-11-14,96.8700,97.1000,93.8300,95.0900,63.5356,50373427,0.0000
2014-11-07,96.5600,97.1600,93.8900,96.5900,64.5379,67341802,0.6900
2014-10-31,93.8500,96.8900,92.7700,96.7100,64.1597,63633711,0.0000
2014-10-24,90.6300,94.9800,90.6300,94.4900,62.6869,60413368,0.0000
2014-10-17,91.3200,92.5300,86.9100,91.2100,60.5109,105685064,0.0000
2014-10-10,94.0100,95.3300,90.9000,91.6000,60.7696,73069203,0.0000
2014-10-03,94.7100,94.8100,92.0600,93.9200,62.3088,68956657,0.0000
2014-09-26,96.9000,97.1600,93.8000,95.4300,63.3105,55283469,0.0000
2014-09-19,95.7300,98.0500,95.4000,97.1200,64.4317,57852400,0.0000
2014-09-12,98.9200,98.9200,95.6300,95.7800,63.5427,52359800,0.0000
2014-09-05,99.4300,99.5900,97.8100,99.2600,65.8515,36556300,0.0000
2014-08-29,98.8100,100.3100,98.5000,99.4600,65.9841,36872900,0.0000
2014-08-22,99.2800,100.0700,98.0800,98.5000,65.3473,37696500,0.0000
2014-08-15,99.2800,99.4300,97.8200,99.0300,65.6989,41597100,0.6900
2014-08-08,98.7400,100.4300,97.6300,99.7400,65.7107,56345300,0.0000
2014-08-01,103.7300,104.7600,98.1800,98.8000,65.0914,61532100,0.0000
2014-07-25,102.3600,104.7200,102.0600,103.1800,67.9770,36784400,0.0000
2014-07-18,102.1700,103.8850,101.7400,102.7300,67.6805,42233100,0.0000
2014-07-11,102.3300,103.6900,101.3200,101.7400,67.0283,41463000,0.0000
2014-07-03,101.2100,103.2700,100.5200,102.5900,67.5883,31813100,0.0000
2014-06-27,104.1100,104.6100,100.6600,101.2100,66.6791,52548500,0.0000
2014-06-20,102.5700,104.0600,101.4500,103.8300,68.4052,56688100,0.0000
2014-06-13,101.4500,102.9450,101.0000,102.6500,67.6278,44253900,0.0000
2014-06-06,100.5300,101.6300,99.5900,101.6000,66.9361,45931300,0.0000
2014-05-30,101.6100,102.0700,100.3700,100.5300,66.2311,33559100,0.0000
2014-05-23,100.4200,102.2200,100.4200,101.3200,66.7516,30448600,0.0000
2014-05-16,102.3300,102.7100,100.3200,100.7400,66.3695,47386400,0.0000
2014-05-09,101.6900,103.4500,101.2600,101.9500,67.1667,46162700,0.6900
2014-05-02,100.7200,102.9100,100.3100,102.0100,66.7544,59101900,0.0000
2014-04-25,100.0300,100.9500,99.8600,100.4100,65.7074,44349500,0.0000
2014-04-17,97.4900,100.9700,96.7400,100.4200,65.7139,50519700,0.0000
2014-04-11,97.2500,97.8800,96.2350,96.7200,63.2927,57623500,0.0000
2014-04-04,98.4900,98.8500,97.1800,97.3600,63.7115,54010600,0.0000
2014-03-28,94.7600,97.9700,94.0600,97.7000,63.9340,58119000,0.0000
2014-03-21,93.9500,95.9900,93.0100,94.3100,61.7156,62232900,0.0000
2014-03-14,95.1500,95.5900,93.2900,93.4700,61.1659,53409300,0.0000
2014-03-07,95.7600,96.8600,93.2700,94.9900,62.1606,69561900,0.0000
2014-02-28,95.6100,97.2500,95.1600,96.2700,62.9982,57515700,0.0000
2014-02-21,94.0700,95.7700,93.3600,95.0300,62.1867,50913600,0.0000
2014-02-14,90.4500,94.4301,89.3600,94.1100,61.5847,64448600,0.0000
2014-02-07,91.9150,92.3100,89.2500,90.5800,59.2747,80405800,0.6300
2014-01-31,95.0750,96.2000,91.7000,92.1600,59.8885,68429500,0.0000
2014-01-24,98.5700,98.9500,94.8200,94.8500,61.6365,55467600,0.0000
2014-01-17,99.9100,100.3400,98.2500,99.1600,64.4373,56221100,0.0000
2014-01-10,99.9400,101.2150,98.8864,100.5200,65.3211,56425600,0.0000
2014-01-03,101.5300,101.5500,99.1410,99.5100,64.6647,37841200,0.0000
2013-12-27,99.0000,101.7400,98.3300,101.5100,65.9644,34036100,0.0000
2013-12-20,96.2800,99.9500,96.0300,98.6800,64.1254,95715100,0.0000
2013-12-13,95.9500,96.2500,94.1600,95.3100,61.9355,64388700,0.0000
2013-12-06,93.2700,95.7100,92.9200,95.6500,62.1564,57633400,0.0000
2013-11-29,95.2100,95.7500,93.3000,93.4800,60.7463,37971600,0.0000
2013-11-22,95.9800,96.0000,94.2900,95.0100,61.7405,55059500,0.0000
2013-11-15,92.8500,95.2900,92.0700,95.2700,61.9095,54215700,0.0000
2013-11-08,90.0000,93.2800,90.0000,92.7300,60.2589,84080900,0.6300
2013-11-01,87.8300,90.9600,87.6100,89.8200,57.9707,72776500,0.0000
2013-10-25,87.5000,88.7300,86.8400,87.9700,56.7767,58561500,0.0000
2013-10-18,86.5100,87.8600,86.5100,87.5500,56.5057,56291500,0.0000
2013-10-11,85.5700,86.9500,84.7900,86.9500,56.1184,70090800,0.0000
2013-10-04,86.0600,86.7000,85.2800,86.3200,55.7118,66461500,0.0000
2013-09-27,88.2900,88.9100,86.6100,86.9000,56.0861,58588500,0.0000
2013-09-20,88.8800,89.8700,88.3700,88.6600,57.2221,65905800,0.0000
2013-09-13,87.3400,88.8800,87.2800,88.4000,57.0543,51492700,0.0000
2013-09-06,87.7000,88.3000,86.8000,87.2500,56.3120,45059700,0.0000
2013-08-30,87.5000,88.9900,86.5800,87.1600,56.2539,66241900,0.0000
2013-08-23,87.8200,87.8700,86.3900,87.5200,56.4863,60417600,0.0000
2013-08-16,90.4300,90.4300,87.6500,87.9100,56.7380,53969600,0.0000
2013-08-09,91.4200,91.9700,90.4275,90.7200,58.5516,53476200,0.6300
2013-08-02,94.5100,94.6000,91.2500,91.9500,58.9362,71242500,0.0000
2013-07-26,94.8700,95.4900,93.8400,94.7900,60.7565,44911400,0.0000
2013-07-19,93.1900,95.2500,92.7700,95.1700,61.0001,54050100,0.0000
2013-07-12,91.9600,93.8100,91.9003,93.4000,59.8656,65011700,0.0000
2013-07-05,90.3900,91.6100,89.9600,91.5700,58.6926,40094800,0.0000
2013-06-28,88.9500,90.7500,88.0200,90.3500,57.9106,83221300,0.0000
2013-06-21,90.9700,92.2700,88.7900,89.4800,57.3530,83465600,0.0000
2013-06-14,91.9300,91.9400,89.5900,90.5800,58.0581,57635900,0.0000
2013-06-07,90.5300,91.5100,89.0000,91.4500,58.6157,67444800,0.0000
2013-05-31,92.9400,93.1800,90.4600,90.4700,57.9876,54413100,0.0000
2013-05-24,91.6100,93.5000,91.0000,91.5300,58.6670,72320100,0.0000
2013-05-17,89.8000,91.8800,89.4300,91.7600,58.8144,53290700,0.0000
2013-05-10,90.2500,91.8500,89.7900,90.1400,57.7760,60087900,0.6300
2013-05-03,88.2600,90.1900,87.4800,90.0200,57.3025,61648800,0.0000
2013-04-26,87.6100,89.8900,87.2850,88.0000,56.0167,66979000,0.0000
2013-04-19,88.2900,88.6700,85.0200,87.4500,55.6666,84669900,0.0000
2013-04-12,89.1100,89.3400,88.1501,88.9900,56.6469,63076000,0.0000
2013-04-05,90.1300,90.9850,88.4000,89.0100,56.6596,55956700,0.0000
2013-03-28,89.5000,90.9800,88.6600,90.1100,57.3598,55066400,0.0000
2013-03-22,88.7400,89.3900,87.9000,89.2900,56.8379,59094700,0.0000
2013-03-15,89.0100,89.9100,88.5420,89.3700,56.8888,77480300,0.0000
2013-03-08,89.1300,90.1500,88.3500,88.9700,56.6342,62102600,0.0000
2013-03-01,89.8800,90.1910,87.7000,89.4300,56.9270,67424900,0.0000
2013-02-22,88.5400,89.8200,88.3600,89.2000,56.7806,47295300,0.0000
2013-02-15,88.3500,88.8100,87.8000,88.3600,56.2459,56392900,0.0000
2013-02-08,89.4100,90.1900,86.5875,88.6100,56.4050,61671300,0.5700
2013-02-01,91.6700,91.9300,89.3600,90.0400,56.9475,70654200,0.0000
2013-01-25,90.2700,91.8000,90.2100,91.7300,58.0163,44994900,0.0000
2013-01-18,89.4600,90.9400,89.0000,90.8000,57.4281,59043400,0.0000
2013-01-11,88.3100,89.7100,87.2900,89.6100,56.6755,61663600,0.0000
2013-01-04,85.0400,89.0900,84.7000,88.9600,56.2644,60650600,0.0000
2012-12-28,87.1300,87.6800,85.0700,85.1000,53.8231,44740200,0.0000
2012-12-21,88.3600,89.7400,87.0100,87.2300,55.1702,95007600,0.0000
2012-12-14,88.5800,90.3700,87.9200,88.0800,55.7078,64567400,0.0000
2012-12-07,88.5500,88.6400,87.1000,88.6000,56.0367,58315200,0.0000
2012-11-30,88.3200,88.6900,86.2750,88.1400,55.7458,71326300,0.0000
2012-11-23,87.4000,89.0900,86.7700,89.0900,56.3466,49035400,0.0000
2012-11-16,87.2700,87.9900,85.0600,86.4500,54.6769,66977500,0.0000
2012-11-09,90.0400,92.0500,86.6100,87.2100,55.1576,69822600,0.5700
2012-11-02,91.0400,91.9400,90.0600,90.2700,56.7262,22747008,0.0000
2012-10-26,91.6700,92.2600,89.6800,90.6200,56.9462,58833600,0.0000
2012-10-19,91.3500,93.6700,90.5400,92.1500,57.9077,58223100,0.0000
2012-10-12,92.1500,93.3600,90.5100,91.0300,57.2038,57630500,0.0000
2012-10-05,91.7900,93.0000,91.1700,92.5500,58.1590,51576600,0.0000
2012-09-28,91.3100,92.5700,90.9300,91.4500,57.4678,59816300,0.0000
2012-09-21,91.9200,92.5000,90.0900,91.9200,57.7631,70983400,0.0000
2012-09-14,89.8200,92.4000,89.4000,92.3000,58.0019,71342700,0.0000
2012-09-07,87.3300,90.0000,86.5200,89.9200,56.5063,52053400,0.0000
2012-08-31,88.0700,88.4000,87.0200,87.3000,54.8599,49370800,0.0000
2012-08-24,88.0700,88.4100,86.9300,88.0500,55.3312,49169800,0.0000
2012-08-17,88.1000,88.9100,87.7700,88.4000,55.5511,48391100,0.0000
2012-08-10,87.5500,88.5000,87.1500,88.4400,55.5763,58253400,0.5700
2012-08-03,87.2800,87.8900,85.5000,87.5500,54.6637,66220600,0.0000
2012-07-27,84.8000,87.8500,83.5000,87.4500,54.6013,87340700,0.0000
2012-07-20,84.8300,86.3800,84.1000,85.9500,53.6647,71272700,0.0000
2012-07-13,84.5200,85.5700,82.8300,85.4700,53.3650,84013700,0.0000
2012-07-06,85.4400,86.2800,84.2000,84.8000,52.9467,48292000,0.0000
2012-06-29,81.2200,85.7000,79.7800,85.5700,53.4275,110963300,0.0000
2012-06-22,82.5100,85.3900,82.0500,82.1100,51.2671,176712400,0.0000
2012-06-15,81.6200,83.4500,80.1700,83.2200,51.9602,91577100,0.0000
2012-06-08,78.0900,81.2300,77.1300,80.8400,50.4742,95867100,0.0000
2012-06-01,82.6400,82.6400,77.4700,77.9200,48.6510,97349700,0.0000
2012-05-25,81.4200,82.9600,79.9600,82.0800,51.2484,71972700,0.0000
2012-05-18,82.2700,83.1500,81.0300,81.4700,50.8675,82913200,0.0000
2012-05-11,84.2900,84.7900,82.5400,83.1000,51.8853,74340800,0.5700
2012-05-04,85.9600,87.5200,84.4000,84.5700,52.4422,61715100,0.0000
2012-04-27,84.5300,87.1800,84.3900,86.0800,53.3786,73941800,0.0000
2012-04-20,83.2400,86.0500,83.1300,85.3000,52.8949,77922000,0.0000
2012-04-13,83.9800,84.3600,81.8800,82.9500,51.4377,75999600,0.0000
2012-04-05,86.6000,87.6700,84.3500,84.8200,52.5973,60635700,0.0000
2012-03-30,86.1800,87.2500,84.9100,86.7300,53.7817,72169300,0.0000
2012-03-23,86.0800,87.1800,85.0200,85.5500,53.0499,65038700,0.0000
2012-03-16,84.5000,86.9300,84.1300,86.4400,53.6018,97569500,0.0000
2012-03-09,86.1700,87.0900,84.0500,84.3000,52.2748,80153200,0.0000
2012-03-02,87.1500,87.8300,85.8500,86.3300,53.5336,69916200,0.0000
2012-02-24,86.0400,87.4700,86.0400,87.3400,54.1599,50636200,0.0000
2012-02-17,84.3400,86.1200,83.8500,85.6200,53.0934,69714000,0.0000
2012-02-10,84.8700,86.4400,83.3500,83.8000,51.9648,77984200,0.4700
2012-02-03,85.2700,85.5000,83.1900,84.9200,52.3708,101524800,0.0000
2012-01-27,87.5000,87.9400,85.7700,85.8300,52.9320,77549400,0.0000
2012-01-20,85.7500,87.4900,84.9600,87.4900,53.9557,67985900,0.0000
2012-01-13,85.0000,86.2100,83.8200,84.8800,52.3461,72485200,0.0000
2012-01-06,85.9700,86.6735,84.9200,85.1200,52.4941,70432600,0.0000
2011-12-30,84.9700,85.6300,84.0100,84.7600,52.2721,43549400,0.0000
2011-12-23,80.2400,85.2300,79.3800,85.2200,52.5558,86457100,0.0000
2011-12-16,80.7300,81.8100,78.6600,80.1600,49.4353,115074400,0.0000
2011-12-09,80.8800,81.8600,79.5500,81.3400,50.1630,98347000,0.0000
2011-12-02,75.8401,80.7400,75.3300,79.7900,49.2071,110592400,0.0000
2011-11-25,76.5300,77.3300,73.9000,73.9000,45.5747,72715600,0.0000
2011-11-18,79.5300,79.8500,77.1000,77.9000,48.0415,102510500,0.0000
2011-11-11,78.8200,79.9500,77.0300,79.7200,49.1639,94955300,0.4700
2011-11-04,80.5900,80.6400,75.4500,78.5200,48.1402,130886600,0.0000
2011-10-28,79.9200,82.2000,79.0500,81.4800,49.9549,127707900,0.0000
2011-10-21,77.8700,80.1600,77.0200,80.1300,49.1273,113708500,0.0000
2011-10-14,74.7300,78.2300,74.6500,78.1100,47.8888,97977800,0.0000
2011-10-07,72.0500,74.5200,69.2100,73.5600,45.0992,144187700,0.0000
2011-09-30,70.0100,74.5900,69.5000,72.6300,44.5291,141689700,0.0000
2011-09-23,72.9100,74.9800,67.9300,69.3100,42.4936,133854900,0.0000
2011-09-16,70.3700,74.7500,69.8700,74.5500,45.7062,131584900,0.0000
2011-09-09,70.1400,74.3393,69.9100,71.0100,43.5358,98928600,0.0000
2011-09-02,73.3300,74.8700,71.5000,72.1400,44.2286,115058400,0.0000
2011-08-26,72.1500,73.9200,69.5800,72.6400,44.5352,145914300,0.0000
2011-08-19,73.0400,74.7500,69.6700,69.8000,42.7940,138392000,0.0000
2011-08-12,72.7400,73.4400,67.0300,72.0000,44.1428,249826800,0.4700
2011-08-05,80.8200,81.1800,72.0700,74.8200,45.5570,169439700,0.0000
2011-07-29,84.2000,85.1300,79.7600,79.7900,48.5832,101220500,0.0000
2011-07-22,82.2900,85.4100,82.0800,85.2200,51.8894,81089100,0.0000
2011-07-15,81.3000,83.4600,81.1200,83.0000,50.5377,104490000,0.0000
2011-07-08,81.3000,82.6000,80.8500,82.4200,50.1845,70617900,0.0000
2011-07-01,76.8800,82.0900,76.7200,82.0100,49.9349,95920500,0.0000
2011-06-24,78.6500,81.1200,76.7800,76.7800,46.7504,118658900,0.0000
2011-06-17,80.0000,80.8200,78.3300,79.0200,48.1143,100490200,0.0000
2011-06-10,80.9300,81.8700,79.7200,79.7800,48.5771,92340700,0.0000
2011-06-03,83.2800,83.7500,80.1800,81.1800,49.4295,78614700,0.0000
2011-05-27,80.2200,83.1300,80.0700,82.6300,50.3124,80145800,0.0000
2011-05-20,80.2200,82.5800,79.6000,81.5700,49.6670,86692400,0.0000
2011-05-13,83.0100,83.7600,79.4200,80.8700,49.2408,99624400,0.4700
2011-05-06,88.1000,88.1300,81.5900,82.6900,50.0589,113741200,0.0000
2011-04-29,86.2900,88.0000,85.8900,87.9800,53.2614,81575000,0.0000
2011-04-21,83.1100,86.4300,82.4400,86.3600,52.2807,56122900,0.0000
2011-04-15,85.9500,86.1500,82.3800,84.2900,51.0275,80984700,0.0000
2011-04-08,84.2600,86.2200,84.0700,85.9500,52.0324,75508300,0.0000
2011-04-01,83.8600,84.9400,82.6100,84.6800,51.2636,77505300,0.0000
2011-03-25,81.8700,83.9300,81.8600,83.6200,50.6219,83313600,0.0000
2011-03-18,81.6700,82.6400,78.8000,80.8500,48.9450,123808200,0.0000
2011-03-11,85.8400,86.0800,80.1000,82.1200,49.7138,92630900,0.0000
2011-03-04,85.8700,86.5600,83.5500,85.0800,51.5058,102114500,0.0000
2011-02-25,84.9700,88.2300,84.7300,85.3400,51.6632,122012400,0.0000
2011-02-18,82.0700,85.1100,81.8900,84.5000,51.1546,116159400,0.0000
2011-02-11,83.4500,84.0000,81.6100,82.8200,50.1376,85702700,0.4400
2011-02-04,79.9200,83.9800,79.0100,83.2800,50.1502,129726900,0.0000
2011-01-28,78.8500,79.9800,77.9300,78.9900,47.5668,115357400,0.0000
2011-01-21,77.7900,79.1000,76.7700,78.9800,47.5608,99933700,0.0000
2011-01-14,75.1300,78.0000,74.5800,77.8400,46.8743,97851600,0.0000
2011-01-07,73.7200,75.9000,73.6400,75.5900,45.5193,101723000,0.0000
2010-12-31,72.8100,73.6900,72.8100,73.1200,44.0319,62042400,0.0000
2010-12-23,72.2400,73.2000,71.8800,73.2000,44.0801,63816100,0.0000
2010-12-17,72.4100,72.7500,71.5700,72.1700,43.4599,118050600,0.0000
2010-12-10,71.2000,72.2200,71.0600,72.1800,43.4659,98006000,0.0000
2010-12-03,68.8600,71.6580,68.3000,71.1900,42.8697,114867600,0.0000
2010-11-26,70.1000,70.3000,68.3200,69.2300,41.6894,68240100,0.0000
2010-11-19,71.0100,71.2200,68.5600,70.5400,42.4783,106234100,0.0000
2010-11-12,69.4900,71.9000,69.4600,70.9900,42.7493,131435500,0.4400
2010-11-05,66.7200,70.0000,66.6299,70.0000,41.8921,132863300,0.0000
2010-10-29,66.6800,66.8100,65.0850,66.4900,39.7915,97258200,0.0000
2010-10-22,65.1900,66.8000,64.5901,66.3400,39.7018,103017000,0.0000
2010-10-15,64.3600,65.6500,63.9300,65.1900,39.0136,100420200,0.0000
2010-10-08,62.5200,64.5300,61.8400,64.3800,38.5288,105572000,0.0000
2010-10-01,61.9900,62.5800,61.2700,62.5400,37.4276,106227900,0.0000
2010-09-24,61.0400,62.1300,60.9000,61.7500,36.9549,103764100,0.0000
2010-09-17,61.3900,61.5200,60.3600,60.7800,36.3743,102768900,0.0000
2010-09-10,60.8900,61.5900,60.4500,61.2000,36.6257,67829900,0.0000
2010-09-03,59.5600,61.6000,58.5000,61.3200,36.6975,110182200,0.0000
2010-08-27,58.9700,60.0500,58.0500,59.8000,35.7879,118561200,0.0000
2010-08-20,59.6000,61.1600,58.5500,58.8900,35.2433,96678100,0.0000
2010-08-13,62.5600,62.6700,59.5600,59.9100,35.8537,93803700,0.4400
2010-08-06,60.6400,62.9900,60.6100,61.9700,36.8183,123336200,0.0000
2010-07-30,59.7000,61.8800,59.5978,59.6800,35.4577,129266000,0.0000
2010-07-23,58.3300,59.8100,57.6000,59.7200,35.4815,117959800,0.0000
2010-07-16,58.2900,59.7200,57.8100,57.9600,34.4358,140633300,0.0000
2010-07-09,57.1700,59.2000,56.7700,58.7800,34.9230,145116100,0.0000
2010-07-02,59.3100,59.3900,55.9400,56.5700,33.6100,219997200,0.0000
2010-06-25,64.1000,64.5000,59.1000,59.1000,35.1131,241295500,0.0000
2010-06-18,62.0600,63.3700,61.3200,63.1000,37.4896,125910300,0.0000
2010-06-11,59.9800,62.0000,59.2000,61.8600,36.7529,162790600,0.0000
2010-06-04,60.3800,62.0100,59.1400,59.5250,35.3656,139043300,0.0000
2010-05-28,60.7400,61.6700,58.4600,60.4600,35.9211,176400700,0.0000
2010-05-21,63.7400,64.2700,59.1600,60.8800,36.1707,213100600,0.0000
2010-05-14,65.4200,65.7500,62.9100,63.6000,37.7867,159125900,0.4400
2010-05-07,68.1100,68.2200,58.4600,63.7000,37.5895,219982400,0.0000
2010-04-30,69.0300,70.0000,67.7300,67.7700,39.9912,178818300,0.0000
2010-04-23,67.7500,69.4300,67.5700,69.2400,40.8587,115789400,0.0000
2010-04-16,68.8000,69.0500,67.7100,67.9300,40.0857,106693200,0.0000
2010-04-09,67.8400,68.9800,66.8500,68.7600,40.5754,110369800,0.0000
2010-04-01,66.6600,67.8000,66.5900,67.6100,39.8968,85835300,0.0000
2010-03-26,66.4900,67.2000,66.1700,66.5400,39.2654,117543100,0.0000
2010-03-19,66.6700,67.8900,65.9000,67.0400,39.5605,167433400,0.0000
2010-03-12,66.7700,67.5800,66.2200,66.8000,39.4188,116829800,0.0000
2010-03-05,65.3600,66.5200,65.0800,66.4700,39.2241,114701300,0.0000
2010-02-26,66.1000,66.1200,64.1500,65.0000,38.3567,121110700,0.0000
2010-02-19,65.4400,66.4500,65.0800,65.8700,38.8700,99138000,0.0000
2010-02-12,64.9100,65.7100,64.1600,64.8000,38.2386,142653200,0.4200
2010-02-05,65.7700,67.2300,63.5600,64.3800,37.7444,171941300,0.0000
2010-01-29,66.5500,66.7600,64.0200,64.4300,37.7738,177342200,0.0000
2010-01-22,68.7400,69.3500,66.0000,66.1000,38.7528,138910900,0.0000
2010-01-15,69.9400,70.5200,68.6500,69.1100,40.5175,135108800,0.0000
2010-01-08,68.7200,70.6000,68.1900,69.5200,40.7579,145112400,0.0000
2009-12-31,69.0800,69.4000,68.1100,68.1900,39.9781,78393200,0.0000
2009-12-24,68.4700,69.2110,68.1600,68.6600,40.2537,89520000,0.0000
2009-12-18,70.8000,71.3000,67.6400,68.2100,39.9899,313206700,0.0000
2009-12-11,73.9500,74.7200,72.1000,72.8300,42.6985,94109000,0.0000
2009-12-04,74.4900,76.3000,73.9100,74.2500,43.5310,95152500,0.0000
2009-11-27,75.4400,76.5400,74.3500,74.8700,43.8945,61442500,0.0000
2009-11-20,73.6500,75.4000,73.3300,74.3800,43.6072,97416400,0.0000
2009-11-13,72.9600,73.4300,71.7100,72.4700,42.4874,77953100,0.4200
2009-11-06,72.0500,72.8500,71.0400,72.1600,42.0632,98189700,0.0000
2009-10-30,73.8100,75.0000,71.0500,71.6700,41.7775,146040300,0.0000
2009-10-23,73.1500,74.6500,72.3600,73.5700,42.8851,110240300,0.0000
2009-10-16,69.5100,73.3500,69.4400,73.1200,42.6228,108503100,0.0000
2009-10-09,66.7900,69.3000,66.1100,69.2700,40.3785,91093600,0.0000
2009-10-02,68.8100,69.8500,66.5000,66.5800,38.8105,100520000,0.0000
2009-09-25,69.1500,70.3400,68.3500,68.7000,40.0463,91456300,0.0000
2009-09-18,69.1100,70.4800,69.0400,69.9900,40.7982,123343300,0.0000
2009-09-11,69.8500,71.0800,69.7000,69.9800,40.7924,78264700,0.0000
2009-09-04,69.4500,69.8500,67.8300,69.1800,40.3261,95340200,0.0000
2009-08-28,70.0400,71.8900,69.9000,70.1200,40.8740,104672300,0.0000
2009-08-21,67.3700,70.0000,66.0900,69.9200,40.7574,117697800,0.0000
2009-08-14,69.1200,69.7100,67.6500,68.2100,39.7606,91827400,0.4200
2009-08-07,70.9600,71.4000,69.3500,69.4700,40.2470,99129300,0.0000
2009-07-31,72.4100,72.7900,69.4300,70.3900,40.7800,130418300,0.0000
2009-07-24,69.1100,72.3800,68.1300,72.2900,41.8808,117305800,0.0000
2009-07-17,65.1700,68.8000,64.4600,68.5200,39.6966,133526800,0.0000
2009-07-10,67.6700,68.1500,64.7500,65.1200,37.7269,133573100,0.0000
2009-07-02,69.4500,71.5100,68.0000,68.4700,39.6677,97192400,0.0000
2009-06-26,70.1000,70.1700,68.0800,69.0500,40.0037,131969600,0.0000
2009-06-19,72.6400,73.4300,70.4200,71.0500,41.1624,145514000,0.0000
2009-06-12,72.4800,74.8300,72.0000,73.7800,42.7440,125155200,0.0000
2009-06-05,70.4600,73.5000,70.2500,72.9700,42.2747,142651500,0.0000
2009-05-29,68.3900,70.6200,67.9100,69.3500,40.1775,113409000,0.0000
2009-05-22,69.7400,71.3900,67.9900,68.8300,39.8762,117127500,0.0000
2009-05-15,69.4800,71.2000,65.6000,69.1100,40.0384,126077800,0.4200
2009-05-08,68.5000,71.2300,67.1600,70.8000,40.7703,146459200,0.0000
2009-05-01,65.2900,68.7400,65.0500,68.0100,39.1637,145455900,0.0000
2009-04-24,66.0200,67.0000,64.5000,66.5700,38.3345,156746800,0.0000
2009-04-17,68.6400,69.0600,66.3500,66.7500,38.4381,145678400,0.0000
2009-04-09,69.6600,70.4300,67.8900,69.8400,40.2175,108116800,0.0000
2009-04-03,68.5400,71.1500,66.5000,70.4400,40.5630,177584800,0.0000
2009-03-27,66.9900,71.4900,66.8600,69.9800,40.2981,187847500,0.0000
2009-03-20,67.0700,70.4300,65.6700,66.0900,38.0581,212164700,0.0000
2009-03-13,62.8800,67.9600,62.8700,67.2000,38.6973,207500500,0.0000
2009-03-06,66.9000,67.4300,61.8600,64.0300,36.8718,252609500,0.0000
2009-02-27,72.2500,73.4900,67.9000,67.9000,39.1004,247270200,0.0000
2009-02-20,72.8900,72.9600,70.2100,71.2300,41.0179,150215000,0.0000
2009-02-13,80.3900,80.5000,72.7000,74.5900,42.9528,192738700,0.0000
2009-02-06,76.0600,80.4900,75.6600,80.3400,46.2640,181284200,0.4000
2009-01-30,78.6750,80.1700,76.0000,76.4800,43.8230,217441900,0.0000
2009-01-23,77.0800,79.3800,75.7800,78.0400,44.7169,172383800,0.0000
2009-01-16,76.5400,78.4500,74.0100,78.1000,44.7512,234359400,0.0000
2009-01-09,81.2700,82.7300,77.3800,77.5700,44.4476,184194100,0.0000
2009-01-02,78.2800,82.1100,77.0900,81.6400,46.7797,113792300,0.0000
2008-12-26,75.2100,77.4000,73.2700,77.1900,44.2298,102039500,0.0000
2008-12-19,81.3200,83.6400,75.0200,75.0200,42.9864,281253400,0.0000
2008-12-12,78.5900,81.9200,77.5100,80.4500,46.0978,237065200,0.0000
2008-12-05,77.8900,79.4400,72.6800,76.6000,43.8917,298066200,0.0000
2008-11-28,76.8200,81.0300,75.3100,80.1500,45.9259,197888600,0.0000
2008-11-21,73.5000,77.1300,68.3000,75.8100,43.4391,325329500,0.0000
2008-11-14,75.1000,77.7500,67.5401,73.6800,42.2186,256641400,0.0000
2008-11-07,73.4500,77.9600,69.4000,73.9500,42.3733,226611100,0.4000
2008-10-31,67.5800,77.9900,65.0000,74.1200,42.2422,289519700,0.0000
2008-10-24,70.3700,75.0000,63.9000,69.0400,39.3470,260069000,0.0000
2008-10-17,64.9000,75.6600,59.1700,68.0400,38.7771,326746400,0.0000
2008-10-10,75.6500,79.8800,56.5100,62.3600,35.5400,385309600,0.0000
2008-10-03,78.9200,81.7500,74.0600,77.9400,44.4193,223432900,0.0000
2008-09-26,80.2000,81.8000,77.0200,80.6500,45.9638,152481400,0.0000
2008-09-19,74.9400,82.0000,71.5100,79.6100,45.3711,233324300,0.0000
2008-09-12,76.7600,77.7000,73.2600,77.5000,44.1685,165381400,0.0000
2008-09-05,78.0400,78.8900,74.6900,75.6200,43.0971,118772500,0.0000
2008-08-29,80.2700,81.5000,78.6400,80.0100,45.5990,102126500,0.0000
2008-08-22,77.4600,80.9500,76.3000,80.3000,45.7643,115347800,0.0000
2008-08-15,78.5200,78.9500,76.1900,77.0700,43.9235,133346700,0.4000
2008-08-08,79.6300,80.1300,76.1400,78.7200,44.6354,163430000,0.0000
2008-08-01,81.8700,84.7600,79.4500,79.7200,45.2024,155937900,0.0000
2008-07-25,81.8400,83.2300,79.7300,81.7000,46.3251,148138300,0.0000
2008-07-18,86.2800,86.4700,79.1000,81.5400,46.2344,171699100,0.0000
2008-07-11,87.8600,88.8790,83.7600,85.4800,48.4684,155011400,0.0000
2008-07-03,86.8100,89.6300,86.7500,88.2700,50.0504,110308100,0.0000
2008-06-27,85.1000,88.5200,85.0900,86.5500,49.0751,126930800,0.0000
2008-06-20,88.4900,88.9900,84.7700,84.9100,48.1452,126820100,0.0000
2008-06-13,87.6100,89.4000,86.3200,88.3600,50.1014,128912200,0.0000
2008-06-06,88.0100,90.5000,85.0000,86.7900,49.2112,156149400,0.0000
2008-05-30,90.0000,90.5800,88.4200,88.7600,50.3282,100027500,0.0000
2008-05-23,92.9000,96.1200,90.6600,90.7000,51.4282,152717000,0.0000
2008-05-16,88.4300,92.9500,87.6000,92.6700,52.5453,126629000,0.0000
2008-05-09,89.6500,90.5500,87.9700,88.8200,50.3623,125302000,0.4000
2008-05-02,92.5700,94.5100,88.3000,89.6100,50.5824,147728600,0.0000
2008-04-25,94.0000,94.9300,91.7100,92.4600,52.1911,108822000,0.0000
2008-04-18,88.7400,94.4500,88.5300,94.0000,53.0604,114776200,0.0000
2008-04-11,89.0300,90.1500,88.2300,88.6200,50.0236,97036200,0.0000
2008-04-04,85.6900,89.5000,84.2600,88.7400,50.0913,122731600,0.0000
2008-03-28,85.1200,87.5000,84.3300,85.2200,48.1044,115876300,0.0000
2008-03-20,83.7500,88.5000,82.7500,85.0000,47.9802,152398500,0.0000
2008-03-14,82.7400,87.8600,82.0000,85.9100,48.4938,158974700,0.0000
2008-03-07,86.7600,88.4100,81.9700,82.4900,46.5634,144126100,0.0000
2008-02-29,87.1700,90.1700,86.2500,87.0100,49.1148,117068400,0.0000
2008-02-22,86.6200,88.6000,86.0300,87.1700,49.2051,100918700,0.0000
2008-02-15,81.8500,86.7000,81.0400,85.3700,48.1890,115187100,0.0000
2008-02-08,86.1400,86.2900,80.3600,81.7100,46.1231,129440600,0.3500
2008-02-01,83.3500,87.8600,82.5400,85.9500,48.3099,131720100,0.0000
2008-01-25,80.0100,86.9900,77.5500,83.9400,47.1802,156451200,0.0000
2008-01-18,90.9400,91.2500,82.8000,85.0800,47.8209,160804400,0.0000
2008-01-11,92.4700,93.1500,89.5000,90.3000,50.7550,126913300,0.0000
2008-01-04,94.3900,94.9600,91.8800,92.0800,51.7554,81234300,0.0000
2007-12-28,93.5100,95.1000,93.3300,95.0000,53.3967,53364000,0.0000
2007-12-21,90.7600,93.9500,89.0400,93.4300,52.5142,116425000,0.0000
2007-12-14,91.8500,93.0900,90.0000,91.1800,51.2496,101247100,0.0000
2007-12-07,88.9700,92.0000,87.7100,91.5000,51.4294,101196600,0.0000
2007-11-30,88.3600,89.4700,84.0000,89.1600,50.1142,131179300,0.0000
2007-11-23,84.6300,88.7200,84.0000,88.2900,49.6252,84371500,0.0000
2007-11-16,86.2400,88.6400,83.3700,85.1000,47.8322,129932800,0.0000
2007-11-09,87.0200,90.5000,86.5100,86.8500,48.8158,137976400,0.3500
2007-11-02,92.3600,94.2700,86.8400,87.9300,49.2253,135482200,0.0000
2007-10-26,91.1700,92.9100,89.6700,92.2100,51.6213,121971600,0.0000
2007-10-19,94.2400,95.2700,92.0000,92.1400,51.5821,128968900,0.0000
2007-10-12,90.6000,95.0700,90.1600,93.4800,52.3323,84836800,0.0000
2007-10-05,92.4500,93.9900,90.3300,91.3600,51.1455,106808600,0.0000
2007-09-28,92.0800,93.6600,90.2100,92.5600,51.8173,109622100,0.0000
2007-09-21,88.5000,93.4000,88.3000,92.3100,51.6773,125457400,0.0000
2007-09-14,85.6700,89.6800,83.8800,88.6700,49.6395,124890500,0.0000
2007-09-07,85.3100,88.2400,85.2100,85.7500,48.0049,86288200,0.0000
2007-08-31,85.1100,86.9900,83.0000,85.7300,47.9937,109819000,0.0000
2007-08-24,83.8500,85.8500,82.5100,85.6900,47.9713,115301500,0.0000
2007-08-17,85.2400,85.2400,78.7600,84.1400,47.1035,168474100,0.0000
2007-08-10,81.9500,87.9000,80.4200,84.5100,47.3107,181844400,0.3500
2007-08-03,86.0000,87.3200,81.5300,82.0800,45.7587,181261900,0.0000
2007-07-27,91.9300,93.6200,85.4900,85.5900,47.7155,174136000,0.0000
2007-07-20,89.3300,93.0900,88.7300,91.9400,51.2556,132666400,0.0000
2007-07-13,86.5300,90.8000,85.9000,90.3300,50.3580,113169900,0.0000
2007-07-06,84.5000,86.9500,84.1200,86.4600,48.2005,70514500,0.0000
2007-06-29,82.4000,84.9900,80.8500,83.8800,46.7622,123191100,0.0000
2007-06-22,86.0900,86.5800,82.1100,82.5200,46.0040,136382100,0.0000
2007-06-15,82.6800,86.4500,81.9500,85.9400,47.9106,115291600,0.0000
2007-06-08,83.9600,84.6000,81.2300,82.6800,46.0932,111662900,0.0000
2007-06-01,83.1600,84.2500,81.9100,84.2200,46.9518,87145500,0.0000
2007-05-25,83.4200,84.3200,81.8900,83.5100,46.5559,103885700,0.0000
2007-05-18,80.9400,83.3300,80.3100,83.2600,46.4166,95076400,0.0000
2007-05-11,80.5000,81.4500,79.3100,81.2300,45.2849,98154500,0.3500
2007-05-04,80.3000,81.7600,79.0500,80.5500,44.7087,101399600,0.0000
2007-04-27,79.3300,80.8600,78.5000,80.3600,44.6032,119020100,0.0000
2007-04-20,77.6400,79.8000,77.0400,79.7600,44.2702,120919100,0.0000
2007-04-13,76.7700,77.8500,76.4600,77.4100,42.9658,104658400,0.0000
2007-04-05,75.5500,77.3100,75.2800,77.2200,42.8604,85047300,0.0000
2007-03-30,75.4400,76.3500,74.5100,75.4500,41.8779,119782500,0.0000
2007-03-23,70.1200,75.4200,70.1100,75.0242,41.6416,129309200,0.0000
2007-03-16,71.1300,71.5600,69.5200,69.8600,38.7753,147899000,0.0000
2007-03-09,69.0500,72.8600,69.0200,71.1200,39.4746,147306900,0.0000
2007-03-02,75.5000,76.1000,69.3100,70.0100,38.8585,175042200,0.0000
2007-02-23,75.0500,75.5500,74.2000,75.2200,41.7503,68580200,0.0000
2007-02-16,74.9300,76.0000,74.3300,75.2900,41.7891,86254100,0.0000
2007-02-09,75.6700,75.9700,74.2400,75.2200,41.7503,89002000,0.3200
2007-02-02,73.6500,75.7900,72.8000,75.5400,41.7493,112677600,0.0000
2007-01-26,73.6500,74.9900,72.5000,73.6100,40.6826,113867600,0.0000
2007-01-19,72.5000,73.6300,71.1900,73.5300,40.6384,104231100,0.0000
2007-01-12,73.8800,74.2500,70.6400,72.6600,40.1576,137194200,0.0000
2007-01-05,76.2500,76.2700,72.2100,73.2400,40.4781,86228800,0.0000
2006-12-29,75.5100,77.4400,75.4000,76.6300,42.3517,45661100,0.0000
2006-12-22,77.2600,77.3100,74.9000,75.4100,41.6774,91587600,0.0000
2006-12-15,75.2500,79.0000,74.8200,77.3000,42.7220,113551100,0.0000
2006-12-08,77.0000,78.5200,75.2800,75.5000,41.7272,114347700,0.0000
2006-12-01,72.3800,77.5000,72.1400,77.2000,42.6667,111803900,0.0000
2006-11-24,72.6700,73.5300,71.8500,72.3800,40.0028,49797200,0.0000
2006-11-17,74.1000,74.9700,71.7600,73.0800,40.3897,103589900,0.0000
2006-11-10,72.1600,74.8000,71.9000,74.4200,41.1303,99547900,0.3200
2006-11-03,71.0600,72.3900,70.0100,72.1500,39.7054,101912100,0.0000
2006-10-27,68.8500,72.3300,68.7200,71.4600,39.3257,108542600,0.0000
2006-10-20,68.4500,70.0699,68.4200,69.5500,38.2746,100795700,0.0000
2006-10-13,67.7600,68.7300,65.9600,68.4000,37.6417,101823600,0.0000
2006-10-06,67.2900,67.7600,64.8400,67.5200,37.1574,109202100,0.0000
2006-09-29,64.6000,67.8100,63.8700,67.1000,36.9263,118629100,0.0000
2006-09-22,64.9500,66.5800,63.9300,64.9100,35.7211,112292200,0.0000
2006-09-15,66.3700,66.4000,64.1100,64.6500,35.5780,137224400,0.0000
2006-09-08,67.6800,68.6500,66.7800,66.8100,36.7667,88565700,0.0000
2006-09-01,70.0500,70.2000,67.3700,68.1000,37.4766,102826900,0.0000
2006-08-25,69.3800,71.2200,69.0400,70.4300,38.7589,102548600,0.0000
2006-08-18,69.5400,69.9200,67.0100,69.1000,38.0269,121963200,0.0000
2006-08-11,69.0000,70.4200,68.3900,69.7300,38.3736,112604700,0.3200
2006-08-04,67.4300,69.2800,66.7600,68.6900,37.6277,105125600,0.0000
2006-07-28,64.3500,67.6500,64.2000,67.0000,36.7019,121995100,0.0000
2006-07-21,64.5000,64.9400,63.5700,63.9300,35.0202,114282600,0.0000
2006-07-14,62.9000,65.0000,62.7800,64.9000,35.5515,92112400,0.0000
2006-07-07,61.8000,63.8900,61.6300,62.8400,34.4231,71410700,0.0000
2006-06-30,58.1000,62.6500,57.9100,61.3500,33.6069,122773100,0.0000
2006-06-23,58.7700,58.8700,57.2100,58.1000,31.8266,94884900,0.0000
2006-06-16,59.0500,59.5500,56.6400,58.8000,32.2100,123964300,0.0000
2006-06-09,62.0000,62.2000,57.8200,58.9100,32.2703,126952900,0.0000
2006-06-02,61.7000,62.1500,59.7600,61.6500,33.7712,78973100,0.0000
2006-05-26,59.9500,61.9300,59.1500,61.5800,33.7329,100155000,0.0000
2006-05-19,61.5100,62.7100,59.5000,60.4500,33.1139,107346600,0.0000
2006-05-12,63.6000,64.2600,62.0600,62.2400,34.0944,83168200,0.3200
2006-05-05,63.6000,64.7700,62.8900,64.0000,34.8838,99001900,0.0000
2006-04-28,64.7500,64.9800,61.0000,63.0800,34.3823,109325500,0.0000
2006-04-21,62.1000,65.0000,61.6100,65.0000,35.4288,99722900,0.0000
2006-04-13,61.7900,62.7300,61.0000,61.5600,33.5538,53362100,0.0000
2006-04-07,61.3600,62.7000,60.4300,61.3300,33.4285,78909600,0.0000
2006-03-31,61.2000,61.8900,60.8200,60.8600,33.1723,86249100,0.0000
2006-03-24,60.7700,61.6900,60.3300,61.1700,33.3413,84476400,0.0000
2006-03-17,59.6800,61.9200,59.4400,61.0500,33.2759,99057500,0.0000
2006-03-10,60.9500,61.0900,58.4400,59.1800,32.2566,99206900,0.0000
2006-03-03,60.1000,61.5000,59.1000,60.9800,33.2377,86028700,0.0000
2006-02-24,61.0000,61.3000,59.6300,60.4200,32.9325,64256100,0.0000
2006-02-17,59.4300,60.6800,58.8000,60.5500,33.0033,98785800,0.0000
2006-02-10,61.7000,62.6100,58.6000,59.4300,32.3929,110616600,0.3200
2006-02-03,62.8800,63.9600,61.0300,61.3900,33.2848,114529300,0.0000
2006-01-27,60.5300,61.6500,59.5500,61.2900,33.2306,107825500,0.0000
2006-01-20,61.2600,62.0600,60.1200,60.5300,32.8185,79225600,0.0000
2006-01-13,59.8000,61.0000,59.1600,60.9700,33.0571,90737800,0.0000
2006-01-06,56.4200,59.5600,56.4200,59.4300,32.2221,77484500,0.0000
2005-12-30,57.0000,57.0000,55.6000,56.1700,30.4546,60748300,0.0000
2005-12-23,58.2200,58.5880,56.6500,57.1000,30.9588,68772500,0.0000
2005-12-16,58.8100,59.9300,58.0500,58.0600,31.4793,85559800,0.0000
2005-12-09,59.3800,60.3800,58.0500,58.5000,31.7179,88256400,0.0000
2005-12-02,59.5500,59.8500,58.0000,59.0700,32.0269,85289100,0.0000
2005-11-25,58.5100,60.2600,58.5000,60.1100,32.5908,54127800,0.0000
2005-11-18,56.8200,58.3900,56.1300,58.2500,31.5823,98267600,0.0000
2005-11-11,57.8000,58.3300,55.8400,56.5200,30.6444,103492700,0.2900
2005-11-04,57.0300,58.8200,56.0100,57.9000,31.2347,106155000,0.0000
2005-10-28,55.3100,57.8900,54.7900,56.3100,30.3769,114940800,0.0000
2005-10-21,59.0500,59.4500,54.5000,55.3700,29.8698,164857900,0.0000
2005-10-14,59.6000,59.7900,57.1400,58.6400,31.6339,90428500,0.0000
2005-10-07,63.5500,63.8900,57.9000,59.6000,32.1518,123949600,0.0000
2005-09-30,63.7000,65.0100,63.3000,63.5400,34.2772,85614800,0.0000
2005-09-23,64.0000,65.9600,63.6000,63.8300,34.4337,105861600,0.0000
2005-09-16,62.8500,63.8900,61.7300,63.7000,34.3635,98468100,0.0000
2005-09-09,60.6200,63.2000,60.2500,63.2000,34.0938,87783100,0.0000
2005-09-02,59.2400,62.0400,58.1200,60.6800,32.7344,124066400,0.0000
2005-08-26,59.5400,59.7500,58.3700,58.4100,31.5098,78777100,0.0000
2005-08-19,60.9500,61.0800,57.7800,58.8200,31.7310,80871900,0.0000
2005-08-12,58.6500,61.3400,58.4400,61.0500,32.9340,88550500,0.2900
2005-08-05,59.2300,60.0900,57.7600,58.0900,31.1862,75323900,0.0000
2005-07-29,59.9500,60.4700,58.7500,58.7500,31.5405,79287500,0.0000
2005-07-22,58.0200,59.7000,57.6900,59.5000,31.9432,86740200,0.0000
2005-07-15,59.3900,60.2400,57.8800,58.1600,31.2238,81990700,0.0000
2005-07-08,58.5600,60.7300,58.2900,59.4000,31.8895,69456400,0.0000
2005-07-01,58.3300,59.8000,57.4600,58.3100,31.3043,81724400,0.0000
2005-06-24,61.1000,61.1300,58.1500,58.1500,31.2184,85955600,0.0000
2005-06-17,58.2500,61.0200,57.7900,60.8900,32.6894,74646000,0.0000
2005-06-10,57.3400,58.6100,56.7000,58.3800,31.3419,78047600,0.0000
2005-06-03,57.0700,57.7800,56.1000,57.1500,30.6815,72240800,0.0000
2005-05-27,54.3800,56.9000,54.1400,56.8000,30.4936,71143800,0.0000
2005-05-20,53.5000,54.9700,52.7800,54.0100,28.9958,132074700,0.0000
2005-05-13,57.7500,58.0500,53.5800,53.7000,28.8294,90230700,0.2900
2005-05-06,57.0000,58.6500,56.0700,57.6000,30.7674,86596000,0.0000
2005-04-29,59.6000,60.4700,56.0000,57.0300,30.4629,106656400,0.0000
2005-04-22,55.4500,59.9500,55.4000,59.4200,31.7396,101287200,0.0000
2005-04-15,59.9900,60.7500,56.1000,56.1900,30.0142,108657500,0.0000
2005-04-08,60.9500,61.7400,59.8500,60.0100,32.0547,85301200,0.0000
2005-04-01,59.0400,60.7000,57.3800,60.5500,32.3431,104896100,0.0000
2005-03-24,62.6500,62.9800,58.5000,59.0000,31.5152,88667200,0.0000
2005-03-18,61.0600,62.8500,59.4700,62.6500,33.4649,112404900,0.0000
2005-03-11,63.5800,64.3700,59.5000,61.0500,32.6102,170203800,0.0000
2005-03-04,63.2600,64.0400,61.9900,63.5700,33.9563,128760400,0.0000
2005-02-25,59.5000,63.6900,58.2500,63.2600,33.7907,108879400,0.0000
2005-02-18,56.2500,59.8500,56.0700,59.4100,31.7342,85825900,0.0000
2005-02-11,55.1200,56.8700,54.6100,56.1100,29.9715,72629100,0.2700
2005-02-04,51.3500,55.3200,51.3500,55.2900,29.3912,78825100,0.0000
2005-01-28,50.9400,51.9500,50.9100,51.2700,27.2543,58189200,0.0000
2005-01-21,50.9500,51.5500,50.3500,50.4400,26.8130,48206200,0.0000
2005-01-14,49.8600,51.2100,49.6300,51.0700,27.1479,56046800,0.0000
2005-01-07,51.0200,51.0200,49.2500,49.7900,26.4675,69330300,0.0000
2004-12-31,51.8000,51.9500,50.8000,51.2600,27.2489,48227600,0.0000
2004-12-23,50.0500,52.0500,50.0000,51.9700,27.6264,54540700,0.0000
2004-12-17,50.4500,50.8000,49.6400,49.8000,26.4728,79045400,0.0000
2004-12-10,50.2800,50.4700,48.9000,50.1500,26.6589,62237400,0.0000
2004-12-03,51.6800,51.7800,49.6000,50.2700,26.7227,65927200,0.0000
2004-11-26,50.3800,52.0000,50.3000,51.6500,27.4563,39959100,0.0000
2004-11-19,50.1300,50.4000,48.5900,50.3800,26.7811,57241500,0.0000
2004-11-12,50.3500,50.5000,48.9000,50.4200,26.8024,55186000,0.2700
2004-11-05,49.4000,50.4300,48.2500,50.3900,26.6406,68746000,0.0000
2004-10-29,48.6000,49.3900,48.2500,49.2200,26.0220,69291700,0.0000
2004-10-22,48.8000,49.3000,48.2300,48.7000,25.7471,54020000,0.0000
2004-10-15,50.0000,50.0400,48.1800,49.0200,25.9163,54717600,0.0000
2004-10-08,48.7500,50.4600,48.4000,49.8400,26.3498,58363800,0.0000
2004-10-01,47.6500,49.7900,47.6100,48.8900,25.8476,66704300,0.0000
2004-09-24,48.3800,49.6200,47.6000,47.8300,25.2872,71832100,0.0000
2004-09-17,47.5300,48.5600,47.3000,48.3700,25.5726,57200200,0.0000
2004-09-10,47.0700,47.6400,46.6500,47.3700,25.0440,45576400,0.0000
2004-09-03,45.3500,47.2400,45.0900,47.0600,24.8801,52566100,0.0000
2004-08-27,45.4500,45.5800,44.5100,45.4400,24.0236,49192900,0.0000
2004-08-20,45.0200,45.6500,44.2000,45.2500,23.9231,58322800,0.0000
2004-08-13,45.2400,46.0400,44.5000,44.9200,23.7487,58941300,0.2700
2004-08-06,46.2900,46.9400,45.0000,45.1200,23.7125,59297000,0.0000
2004-07-30,45.2700,46.3400,44.6000,46.3000,24.3327,59571200,0.0000
2004-07-23,45.8000,46.8200,44.4000,45.3200,23.8176,51109100,0.0000
2004-07-16,45.2500,45.9500,44.8500,45.8300,24.0857,44203000,0.0000
2004-07-09,44.8000,45.5500,44.7400,45.4500,23.8860,42443700,0.0000
2004-07-02,44.5000,44.8900,44.0000,44.7200,23.5023,58920300,0.0000
2004-06-25,44.8900,45.5300,44.2500,44.2500,23.2553,66350100,0.0000
2004-06-18,43.9900,44.9800,43.7100,44.9800,23.6390,57969900,0.0000
2004-06-10,44.0000,44.2400,43.1000,43.9800,23.1134,44551500,0.0000
2004-06-04,43.5000,43.9900,43.2100,43.3700,22.7928,42261800,0.0000
2004-05-28,42.6600,43.8200,42.5000,43.2500,22.7298,55151200,0.0000
2004-05-21,43.3000,43.5400,42.4400,42.6000,22.3882,60548100,0.0000
2004-05-14,42.6300,43.5600,41.5900,43.2700,22.7403,61855200,0.2700
2004-05-07,42.9000,44.2400,42.8300,43.2500,22.5866,60209900,0.0000
2004-04-30,43.2500,43.9700,42.5000,42.5500,22.2211,61355700,0.0000
2004-04-23,43.8500,43.8600,42.4000,42.9700,22.4404,46537200,0.0000
2004-04-16,42.7000,43.9000,42.5000,43.8600,22.9052,56139000,0.0000
2004-04-08,41.9700,42.9300,41.8800,42.4500,22.1688,38485900,0.0000
2004-04-02,40.8700,41.9900,40.8600,41.9100,21.8868,55357500,0.0000
2004-03-26,41.2500,41.4800,39.9100,40.7400,21.2758,60511200,0.0000
2004-03-19,41.7800,42.6300,41.4700,41.5000,21.6727,59963500,0.0000
2004-03-12,42.5000,43.4000,41.1400,42.0300,21.9495,69459400,0.0000
2004-03-05,42.5800,42.6400,41.6000,42.4900,22.1897,62645400,0.0000
2004-02-27,42.2300,42.7500,42.1100,42.1700,22.0226,52914900,0.0000
2004-02-20,42.2000,42.4500,41.8000,42.0300,21.9495,38140600,0.0000
2004-02-13,40.3100,42.1500,40.2100,41.9100,21.8868,53184400,0.2500
2004-02-06,41.2600,41.2600,40.0500,40.5100,21.0266,55403800,0.0000
2004-01-30,41.0500,41.7700,40.4100,40.7900,21.1720,59890300,0.0000
2004-01-23,40.5000,41.5000,40.5000,41.0400,21.3017,43463500,0.0000
2004-01-16,40.7000,40.9800,40.0800,40.5000,21.0214,51788500,0.0000
2004-01-09,41.1000,41.6290,40.0200,40.2900,20.9124,71028500,0.0000
2004-01-02,40.1000,41.2200,40.0900,40.6300,21.0889,45898000,0.0000
2003-12-26,39.3500,40.1400,39.2000,40.0500,20.7879,30952700,0.0000
2003-12-19,37.9100,39.6600,37.6000,39.6000,20.5543,69760200,0.0000
2003-12-12,36.9000,38.1200,36.8550,38.0600,19.7550,54272700,0.0000
2003-12-05,36.5000,37.1300,36.2200,36.7800,19.0906,69294300,0.0000
2003-11-28,35.4800,36.4300,35.4000,36.2000,18.7895,38242100,0.0000
2003-11-21,35.5200,36.3000,35.0500,35.3400,18.3432,63853500,0.0000
2003-11-14,35.5600,36.4700,35.4000,36.0000,18.6857,56966000,0.0000
2003-11-07,36.9200,36.9925,35.4900,35.5600,18.4573,65420700,0.2500
2003-10-31,37.8100,38.1500,36.1200,36.5800,18.8542,71734700,0.0000
2003-10-24,38.6600,38.7900,36.9500,37.8500,19.5088,62461600,0.0000
2003-10-17,38.3700,38.9300,38.2000,38.6600,19.9263,44137400,0.0000
2003-10-10,37.8600,38.4300,37.7400,38.3000,19.7408,43917100,0.0000
2003-10-03,36.7800,38.2300,36.4100,37.7500,19.4573,54476400,0.0000
2003-09-26,36.6500,37.4900,36.3500,36.7800,18.9573,53719100,0.0000
2003-09-19,37.7000,37.7700,36.7500,36.9900,19.0655,59566400,0.0000
2003-09-12,38.1000,38.5000,37.5700,37.7300,19.4470,48758700,0.0000
2003-09-05,37.7900,38.2500,37.5000,37.9700,19.5707,41403700,0.0000
2003-08-29,36.3500,37.7400,36.3200,37.7000,19.4315,48662800,0.0000
2003-08-22,36.8600,37.2500,36.4500,36.5300,18.8285,43859100,0.0000
2003-08-15,36.5000,36.9500,35.5800,36.8300,18.9831,41487800,0.2500
2003-08-08,35.5000,36.6100,35.1200,36.5200,18.6953,65115900,0.0000
2003-08-01,35.7000,36.1800,35.2100,35.3300,18.0861,70777000,0.0000
2003-07-25,35.8000,35.9300,35.1700,35.7600,18.3063,49042300,0.0000
2003-07-18,35.6200,35.8900,34.9000,35.8800,18.3677,63790800,0.0000
2003-07-11,36.1000,36.4000,35.3100,35.6000,18.2244,59737100,0.0000
2003-07-03,36.4300,36.6100,35.5500,36.0600,18.4598,44776700,0.0000
2003-06-27,36.8300,37.2200,36.2100,36.3700,18.6185,52389500,0.0000
2003-06-20,37.9300,38.3100,36.7900,36.8900,18.8847,69600900,0.0000
2003-06-13,37.2600,38.4500,37.2100,37.9300,19.4171,49990300,0.0000
2003-06-06,36.5300,37.7100,36.3600,37.3400,19.1151,58467300,0.0000
2003-05-30,35.8000,36.7700,35.7500,36.4000,18.6339,51001100,0.0000
2003-05-23,35.1700,36.3100,35.0200,35.9800,18.4189,55652800,0.0000
2003-05-16,35.3700,35.6600,35.0800,35.4500,18.1476,53992200,0.0000
2003-05-09,36.1500,36.2100,35.0600,35.4700,18.1578,54757400,0.2500
2003-05-02,34.8800,36.0900,34.6900,36.0400,18.3205,69489600,0.0000
2003-04-25,35.1000,35.5700,34.5000,34.7900,17.6851,52900300,0.0000
2003-04-17,34.2600,35.1700,34.2600,35.0300,17.8071,35664800,0.0000
2003-04-11,35.9800,36.0000,34.2000,34.3300,17.4512,54399400,0.0000
2003-04-04,35.4500,35.9900,34.8700,35.5200,18.0561,58773400,0.0000
2003-03-28,35.9500,36.2000,35.3000,36.0300,18.3154,55221600,0.0000
2003-03-21,34.4500,36.0100,34.3200,36.0000,18.3001,69135300,0.0000
2003-03-14,34.7900,34.9400,33.2300,34.3900,17.4817,72246600,0.0000
2003-03-07,34.3900,34.9200,34.0800,34.7900,17.6851,60079200,0.0000
2003-02-28,33.9300,34.4300,33.5400,34.0200,17.2936,64028400,0.0000
2003-02-21,33.7000,34.2800,33.3600,34.1800,17.3750,44507600,0.0000
2003-02-14,33.5500,33.8600,32.3200,33.4400,16.9988,53612300,0.0000
2003-02-07,34.1600,35.1000,33.0600,33.3500,16.9530,58396900,0.2300
2003-01-31,32.5000,34.4400,31.5800,34.1500,17.2417,79681600,0.0000
2003-01-24,34.4100,34.5500,32.4000,32.6900,16.5046,51782200,0.0000
2003-01-17,35.1900,35.4500,34.7000,34.7200,17.5295,53234800,0.0000
2003-01-10,35.4500,36.6000,34.8100,35.2400,17.7920,61745200,0.0000
2003-01-03,34.8800,35.6300,34.2100,35.5000,17.9233,46981600,0.0000
2002-12-27,36.0500,36.2200,34.6000,34.6400,17.4891,32028700,0.0000
2002-12-20,35.4000,36.0600,34.9100,35.7000,18.0243,69617100,0.0000
2002-12-13,35.1500,35.5400,34.2500,35.0400,17.6911,56722500,0.0000
2002-12-06,35.1500,35.4000,34.1000,35.1500,17.7466,62273400,0.0000
2002-11-29,34.1000,35.0300,33.8200,34.8000,17.5699,36952000,0.0000
2002-11-22,35.0100,35.4800,34.0500,34.2200,17.2771,55767100,0.0000
2002-11-15,34.6500,34.9900,33.0000,34.8500,17.5951,55713500,0.0000
2002-11-08,34.5000,35.8500,34.0100,34.6100,17.4740,59031800,0.2300
2002-11-01,34.8600,35.2400,32.5700,34.6600,17.3833,70647800,0.0000
2002-10-25,35.7500,36.3000,33.9700,35.1100,17.6090,56987000,0.0000
2002-10-18,34.5000,36.5000,34.2300,36.0000,18.0553,62564700,0.0000
2002-10-11,33.0000,34.7400,32.0700,34.5400,17.3231,76940300,0.0000
2002-10-04,32.8200,34.5200,31.1800,33.0600,16.5808,89963600,0.0000
2002-09-27,32.6200,34.3000,31.7000,32.8200,16.4604,62526800,0.0000
2002-09-20,33.8300,34.4700,32.2200,32.8700,16.4855,61283400,0.0000
2002-09-13,34.2500,35.8000,32.8000,34.0800,17.0924,44398800,0.0000
2002-09-06,34.2500,34.9100,32.5200,34.3100,17.2077,49937300,0.0000
2002-08-30,36.2000,37.8000,34.6500,35.4500,17.7795,47796200,0.0000
2002-08-23,36.5500,37.2800,35.6100,36.1500,18.1306,48595800,0.0000
2002-08-16,35.2700,37.3700,34.8000,36.8500,18.4816,53522900,0.0000
2002-08-09,33.6500,36.3000,32.3200,36.1000,18.1055,68413100,0.2300
2002-08-02,35.9000,36.8800,32.8000,33.6100,16.7499,89310700,0.0000
2002-07-26,32.4000,35.2000,29.7500,35.0900,17.4875,151328800,0.0000
2002-07-19,36.1000,36.3900,31.7000,32.4000,16.1469,103179800,0.0000
2002-07-12,40.3500,40.6400,36.1500,36.5300,18.2051,75117000,0.0000
2002-07-05,40.7700,41.1000,39.6200,40.5200,20.1936,38696300,0.0000
2002-06-28,39.2500,41.0200,38.9000,40.9200,20.3930,65890700,0.0000
2002-06-21,39.4500,40.2000,38.9900,39.2500,19.5607,64678000,0.0000
2002-06-14,39.4200,39.9500,38.5000,39.1500,19.5109,49122700,0.0000
2002-06-07,40.0000,40.1700,38.7100,39.4200,19.6454,54619400,0.0000
2002-05-31,40.0000,40.4400,39.1200,39.9300,19.8996,44646200,0.0000
2002-05-24,39.9500,41.1000,39.5000,40.2300,20.0491,44807700,0.0000
2002-05-17,38.8200,40.7800,38.6800,40.2000,20.0341,46501000,0.0000
2002-05-10,40.1200,40.1700,38.7500,38.9600,19.4162,48433300,0.2300
2002-05-03,40.0000,41.1300,39.6000,40.5900,20.1110,52935600,0.0000
2002-04-26,42.4500,42.5000,39.8000,40.0000,19.8186,62636400,0.0000
2002-04-19,42.1000,42.7500,41.6000,42.5200,21.0672,49478200,0.0000
2002-04-12,43.3500,43.6900,41.2500,41.3000,20.4628,50671700,0.0000
2002-04-05,44.3200,44.5800,42.2500,42.6300,21.1217,55858500,0.0000
2002-03-28,43.2200,44.2900,42.8400,43.8300,21.7163,41752300,0.0000
2002-03-22,43.7500,43.9900,43.1200,43.4700,21.5379,41605800,0.0000
2002-03-15,43.2500,44.0900,42.9500,43.6100,21.6073,64279100,0.0000
2002-03-08,42.1500,43.5200,42.1100,42.9100,21.2605,59987900,0.0000
2002-03-01,40.8500,42.0000,40.5800,42.0000,20.8096,61064400,0.0000
2002-02-22,38.9000,40.9600,38.4500,40.7200,20.1754,47294400,0.0000
2002-02-15,38.2900,39.4000,37.6000,38.9000,19.2736,46673700,0.0000
2002-02-08,39.1000,39.2000,37.8500,38.2900,18.9714,49178300,0.2300
2002-02-01,39.4500,39.8700,37.8000,39.0000,19.2078,52313800,0.0000
2002-01-25,38.8500,39.6400,38.0100,39.1600,19.2866,35681500,0.0000
2002-01-18,38.6000,39.5500,38.2800,38.4000,18.9123,46325800,0.0000
2002-01-11,39.7500,40.0900,38.4500,38.5000,18.9616,45566900,0.0000
2002-01-04,39.8800,40.0700,38.9000,40.0000,19.7003,38172700,0.0000
2001-12-28,38.8500,40.3000,38.8200,39.7800,19.5920,30278700,0.0000
2001-12-21,36.8000,39.4700,36.5400,38.5000,18.9616,73317300,0.0000
2001-12-14,38.0700,38.0900,36.4100,36.8600,18.1539,59418600,0.0000
2001-12-07,38.2000,38.9500,37.0400,38.0700,18.7498,67656700,0.0000
2001-11-30,38.0500,38.2500,36.8100,37.4000,18.4198,56673300,0.0000
2001-11-23,37.4000,38.7000,36.7600,38.4400,18.9320,41492800,0.0000
2001-11-16,39.4000,40.5800,36.7900,37.5400,18.4888,74889200,0.0000
2001-11-09,40.0000,40.4000,38.2600,40.2500,19.8235,52142500,0.2300
2001-11-02,40.6300,40.9900,39.0500,39.7600,19.4676,44628400,0.0000
2001-10-26,40.4900,41.5200,39.3000,41.0600,20.1041,47509500,0.0000
2001-10-19,41.9500,42.3500,39.6100,40.5400,19.8495,43305500,0.0000
2001-10-12,41.2600,42.7000,40.0200,42.2900,20.7063,48622700,0.0000
2001-10-05,39.2500,41.2900,38.0500,40.6900,19.9229,57328400,0.0000
2001-09-28,36.0000,39.6000,35.2500,39.4000,19.2913,68456500,0.0000
2001-09-21,41.2400,41.4500,35.0100,35.8300,17.5433,76453500,0.0000
2001-09-10,40.7000,41.3500,40.4000,41.2400,20.1922,10776100,0.0000
2001-09-07,40.6000,41.5000,40.1000,40.9000,20.0257,39214600,0.0000
2001-08-31,41.7000,41.7700,30.9400,40.1500,19.6585,39141000,0.0000
2001-08-24,40.4200,41.7000,40.0500,41.7000,20.4174,40864400,0.0000
2001-08-17,41.4000,41.8500,40.1800,40.4700,19.8152,40503000,0.0000
2001-08-10,41.2600,41.9500,40.6000,41.3500,20.2461,44120500,0.2300
2001-08-03,42.4000,42.8900,40.8000,41.2600,20.0892,43564500,0.0000
2001-07-27,43.5000,43.7200,40.5200,42.7300,20.8049,54699900,0.0000
2001-07-20,86.1500,86.9900,42.6000,43.3600,21.1117,37058200,0.0000
2001-07-13,87.0500,87.0500,84.0500,85.9800,20.9315,26067500,0.0000
2001-07-06,88.2500,88.8000,86.3000,86.8000,21.1311,18970100,0.0000
2001-06-29,88.0200,89.1300,86.1600,87.3500,21.2650,31583500,0.0000
2001-06-22,89.2200,89.2200,86.7100,88.9100,21.6448,28546900,0.0200
2001-06-15,89.5000,90.7200,88.5500,88.9000,21.6375,30980100,0.0000
2001-06-08,89.8000,91.6700,88.3900,89.3900,21.7567,29896500,0.0000
2001-06-01,88.9000,90.0000,87.8000,88.9500,21.6496,24125600,0.0000
2001-05-25,90.4500,90.6500,86.9800,88.1000,21.4428,27201400,0.0000
2001-05-18,88.2000,90.2500,88.1000,90.2000,21.9539,30510000,0.0000
2001-05-11,87.5500,89.7500,86.6500,87.6400,21.3308,25548100,0.4400
2001-05-04,88.9000,89.8800,85.4500,87.5500,21.2030,32301800,0.0000
2001-04-27,85.9500,89.8300,85.9000,89.0600,21.5687,34965300,0.0000
2001-04-20,82.1200,85.4100,82.1200,85.1700,20.6266,34320400,0.0000
2001-04-12,82.1000,84.4900,81.5100,82.0000,19.8589,24690300,0.0000
2001-04-06,81.0000,82.1000,77.0000,82.1000,19.8831,31230600,0.0000
2001-03-30,77.9900,81.1000,77.4000,81.0000,19.6167,31657700,0.0000
2001-03-23,81.4000,82.8400,75.2000,76.9000,18.6238,35620700,0.0000
2001-03-16,85.9900,85.9900,81.4500,81.7000,19.7862,34333400,0.0000
2001-03-09,82.9500,86.4900,82.8700,85.9900,20.8252,26003700,0.0000
2001-03-02,82.8500,84.1000,80.7700,83.2100,20.1519,28913700,0.0000
2001-02-23,83.6000,85.2000,82.6500,83.5000,20.2222,18252400,0.0000
2001-02-16,85.8600,86.2500,81.5500,84.0200,20.3481,28801800,0.0000
2001-02-09,83.2500,86.6500,83.2500,85.8600,20.7937,27001000,0.4400
2001-02-02,80.0500,84.5000,79.6900,82.9900,19.9944,28389000,0.0000
2001-01-26,79.7500,82.8100,79.2500,81.0000,19.5149,31654000,0.0000
2001-01-19,81.8800,82.4400,78.6900,79.4400,19.1391,33913600,0.0000
2001-01-12,83.5000,84.1900,80.4400,82.8100,19.9510,33043400,0.0000
2001-01-05,86.6900,89.7500,81.9400,83.2500,20.0570,38631900,0.0000
2000-12-29,86.8100,89.3100,86.0000,86.9400,20.9460,18218500,0.0000
2000-12-22,84.2500,88.5000,84.0600,86.8100,20.9147,29308300,0.0000
2000-12-15,88.5600,88.6900,84.1300,84.1300,20.2690,39201700,0.0000
2000-12-08,88.8100,91.3800,85.6900,88.5000,21.3219,30478600,0.0000
2000-12-01,93.5000,94.3100,86.5600,88.8100,21.3966,31074400,0.0000
2000-11-24,90.5600,94.6900,90.5600,94.4400,22.7530,18626200,0.0000
2000-11-17,89.6300,91.6900,88.3100,90.3100,21.7579,22696100,0.0000
2000-11-10,87.7500,91.2500,86.8100,89.5600,21.5772,23351000,0.4400
2000-11-03,87.5600,92.0600,87.3800,87.5000,20.9782,30202900,0.0000
2000-10-27,88.3800,90.2500,86.2500,87.5600,20.9926,26529300,0.0000
2000-10-20,90.5000,90.5000,85.8100,88.4400,21.2036,31309300,0.0000
2000-10-13,89.4400,95.4400,89.2500,90.5000,21.6975,41384800,0.0000
2000-10-06,89.3800,91.6900,87.9400,89.4400,21.4434,29033400,0.0000
2000-09-29,85.8800,89.9400,84.3100,89.1100,21.3642,35306600,0.0000
2000-09-22,89.1300,90.7500,84.8800,86.5000,20.7385,40450100,0.0000
2000-09-15,83.5000,89.8800,83.4400,89.5000,21.4577,36712400,0.0000
2000-09-08,83.1300,84.1900,82.2500,83.5000,20.0192,20204300,0.0000
2000-09-01,82.6900,83.8100,81.1900,82.5000,19.7795,17912200,0.0000
2000-08-25,83.0000,84.7500,82.4400,82.9400,19.8850,19258300,0.0000
2000-08-18,82.1900,84.0000,81.2500,82.9400,19.8850,18826500,0.0000
2000-08-11,80.8800,82.4400,80.3800,81.3800,19.5110,18127700,0.4400
2000-08-04,80.0600,83.5600,79.1900,81.7000,19.4819,29217600,0.0000
2000-07-28,77.0000,81.0000,75.1300,80.0000,19.0765,30679400,0.0000
2000-07-21,79.9400,79.9400,76.8800,77.1300,18.3921,24007600,0.0000
2000-07-14,78.5000,80.7500,76.4400,77.5600,18.4946,20363700,0.0000
2000-07-07,78.8100,79.7500,76.5600,78.5200,18.7236,21283300,0.0000
2000-06-30,83.2500,84.1900,77.6900,78.5000,18.7188,25597100,0.0000
2000-06-23,83.9400,84.7500,81.7500,83.1300,19.8228,21183500,0.0000
2000-06-16,79.8800,84.3800,79.8800,84.3800,20.1209,30444600,0.0000
2000-06-09,79.0000,82.5000,78.7500,79.1900,18.8833,25207000,0.0000
2000-06-02,82.0000,83.8800,78.6300,79.1900,18.8833,25273600,0.0000
2000-05-26,82.3800,83.9400,80.6900,82.3800,19.6440,21009800,0.0000
2000-05-19,81.9400,83.8800,79.9400,81.7500,19.4938,22156500,0.0000
2000-05-12,79.8800,83.3800,78.7500,82.0200,19.5582,23034800,0.4400
2000-05-05,78.3100,80.0000,77.0000,80.0000,18.9758,20589800,0.0000
2000-04-28,78.6300,81.5000,77.1900,77.6900,18.4279,24211200,0.0000
2000-04-20,78.6300,79.3800,75.0000,79.0000,18.7386,24212200,0.0000
2000-04-14,79.0000,81.7500,78.0000,78.7500,18.6793,24555400,0.0000
2000-04-07,77.7500,83.1300,77.6900,79.5600,18.8714,27731200,0.0000
2000-03-31,77.2500,81.9400,75.6300,78.0000,18.5014,32280000,0.0000
2000-03-24,76.1900,77.7500,74.3100,77.2500,18.3235,27369700,0.0000
2000-03-17,76.5000,79.9400,74.3800,77.1300,18.2951,28462400,0.0000
2000-03-10,74.0000,82.0000,72.0000,77.0300,18.2713,36813300,0.0000
2000-03-03,71.0000,77.6900,69.8800,75.6900,17.9535,26119500,0.0000
2000-02-25,76.2500,76.9400,70.0000,71.0600,16.8553,21161700,0.0000
2000-02-18,74.5000,80.5600,74.4400,75.0000,17.7898,28140200,0.0000
2000-02-11,79.5000,81.8800,72.6900,73.8800,17.5242,27411400,0.4400
2000-02-04,78.6300,84.8800,77.8800,80.8800,19.0745,29943700,0.0000
2000-01-28,85.4400,86.3100,78.8800,78.8800,18.6028,27294200,0.0000
2000-01-21,82.7500,85.8800,82.3800,85.0000,20.0461,24487600,0.0000
2000-01-14,84.1900,86.0000,82.8100,83.7500,19.7513,25453500,0.0000
2000-01-07,79.5000,86.2500,76.5000,84.9400,20.0320,40759700,0.0000
1999-12-31,83.9400,84.1900,79.7500,80.5600,18.9990,14214100,0.0000
1999-12-23,83.2500,84.0600,80.0600,83.8100,19.7655,15132300,0.0000
1999-12-17,83.3800,84.8100,81.0600,82.6200,19.4848,35474500,0.0000
1999-12-10,82.2500,86.5600,82.0000,82.8100,19.5296,28853600,0.0000
1999-12-03,77.8700,83.1300,77.5600,82.5300,19.4636,27466900,0.0000
1999-11-26,79.6900,80.0600,77.5600,78.0000,18.3953,13773000,0.0000
1999-11-19,77.8700,81.3700,77.0000,79.6900,18.7938,23616900,0.0000
1999-11-12,71.0000,77.9400,71.0000,77.8700,18.3646,20409600,0.4400
